id	output
"bafkreibuexyxks45fvzteww6o3cjdxxki6qtgo5zrji4nfs25sn3s366ja"	{"block": "04015", "range": "27E", "section": "02", "latitude": 26.67839, "township": "44", "city_name": "ALVA", "longitude": -81.58626, "state_code": "FL", "county_name": "Lee", "postal_code": "33920", "street_name": "CANTON", "street_number": "2112", "request_identifier": "10358840", "street_suffix_type": "Ave"}
"bafkreickty5s4vfsknyjafyzu2j3vqwmj6b4iv7m2qpd2yfdku57iffbia"	{"block": "04014", "range": "27E", "section": "02", "latitude": 26.67782, "township": "44", "city_name": "ALVA", "longitude": -81.58478, "state_code": "FL", "county_name": "Lee", "postal_code": "33920", "street_name": "TRUMAN", "street_number": "2108", "request_identifier": "10358814", "street_suffix_type": "Ave"}
"bafkreibzydcfpjihbizugfhaotmdviz4vtfj7cgwv6xttpr7cqp35l6y2e"	{"block": "12047", "range": "27E", "section": "01", "latitude": 26.68695, "township": "44", "city_name": "ALVA", "longitude": -81.58057, "state_code": "FL", "county_name": "Lee", "postal_code": "33920", "street_name": "JOHNS", "street_number": "2320", "request_identifier": "10358579", "street_suffix_type": "Ave"}
"bafkreigdyjt7ej3pnposl5aib5x4fthvzatqtufp47b4rakuqnm42kqzg4"	{"block": "08029", "range": "27E", "section": "02", "latitude": 26.68158, "township": "44", "city_name": "ALVA", "longitude": -81.59293, "state_code": "FL", "county_name": "Lee", "postal_code": "33920", "street_name": "MCARTHUR", "street_number": "2211", "request_identifier": "10359020", "street_suffix_type": "Ave"}
"bafkreihjf5lpyjtudhyouxjivulvkdqgfqezthexirgbfnivz7nep3ei4y"	{"block": "11044", "range": "27E", "section": "01", "latitude": 26.68616, "township": "44", "city_name": "ALVA", "longitude": -81.57626, "state_code": "FL", "county_name": "Lee", "postal_code": "33920", "street_name": "SCOTT", "street_number": "2314", "request_identifier": "10358510", "street_suffix_type": "Ave"}
"bafkreidu7xnv6dd3gjfkwevggk7sq76t2vpkknhdaco24euc7p2mmnviti"	{"block": "03287", "range": "23E", "section": "03", "latitude": 26.58897, "township": "45", "city_name": "CAPE CORAL", "longitude": -81.99842, "state_code": "FL", "county_name": "Lee", "postal_code": "33914", "street_name": "11TH", "street_number": "3330", "request_identifier": "10092744", "street_suffix_type": "Pl", "street_pre_directional_text": "SW"}
"bafkreig6xeecsk2us6y2i5kkea3u5vr5exslcdogkztirgqkngasmsbd2e"	{"block": "03261", "range": "23E", "section": "03", "latitude": 26.58607, "township": "45", "city_name": "CAPE CORAL", "longitude": -82.00006, "state_code": "FL", "county_name": "Lee", "postal_code": "33914", "street_name": "12TH", "street_number": "3523", "request_identifier": "10092172", "street_suffix_type": "Ave", "street_pre_directional_text": "SW"}
"bafkreiesgi447uxsj3e5zm7mndv3uo45xxfcugvpebulah35j6ko2uqhfm"	{"block": "03217", "range": "23E", "section": "34", "latitude": 26.59595, "township": "44", "city_name": "CAPE CORAL", "longitude": -81.99704, "state_code": "FL", "county_name": "Lee", "postal_code": "33914", "street_name": "10TH", "street_number": "3008", "request_identifier": "10091172", "street_suffix_type": "Pl", "street_pre_directional_text": "SW"}
"bafkreidcnuovuqrl6rflzpzuttkscu4tcyssvksatik6tfuves5rnie2ii"	{"block": "04016", "range": "27E", "section": "02", "latitude": 26.67749, "township": "44", "city_name": "ALVA", "longitude": -81.58763, "state_code": "FL", "county_name": "Lee", "postal_code": "33920", "street_name": "COLUMBUS", "street_number": "2106", "request_identifier": "10358871", "street_suffix_type": "Ave"}
"bafkreihyh5rr5grjbu5fkvrpe6gt6zsduhyux56g4stf7654yhidjpte44"	{"block": "01858", "range": "23E", "section": "35", "latitude": 26.60112, "township": "44", "city_name": "CAPE CORAL", "longitude": -81.98322, "state_code": "FL", "county_name": "Lee", "postal_code": "33914", "street_name": "4TH", "street_number": "2718", "request_identifier": "10094088", "street_suffix_type": "Ave", "street_pre_directional_text": "SW"}
"bafkreif2mw2rb6kvbbk3flfhk443j2jhrfziqu2h4t7v467f2ncxlg76gi"	{"block": "04014", "range": "27E", "section": "02", "latitude": 26.67667, "township": "44", "city_name": "ALVA", "longitude": -81.58423, "state_code": "FL", "county_name": "Lee", "postal_code": "33920", "street_name": "21ST", "street_number": "3305", "request_identifier": "10358820", "street_suffix_type": "St", "street_pre_directional_text": "E"}
"bafkreidxrwnsg6txf4ahmpktfl7lkoqcmxzy46ei4uwuo27l46n4dailxe"	{"block": "11042", "range": "27E", "section": "01", "latitude": 26.68648, "township": "44", "city_name": "ALVA", "longitude": -81.57339, "state_code": "FL", "county_name": "Lee", "postal_code": "33920", "street_name": "LOUIS", "street_number": "2316", "request_identifier": "10358461", "street_suffix_type": "Ave"}
"bafkreicepvl5mo5igprtn6heb4kpdn4fwpjanww3nrv6jdosatwol2kewm"	{"block": "04015", "range": "27E", "section": "02", "latitude": 26.67984, "township": "44", "city_name": "ALVA", "longitude": -81.58588, "state_code": "FL", "county_name": "Lee", "postal_code": "33920", "street_name": "22ND", "street_number": "3204", "request_identifier": "10358860", "street_suffix_type": "St", "street_pre_directional_text": "E"}
"bafkreigtvefneoopcdimtw4wifnsm3uekg2fls72iqsji6k2uitivo4w64"	{"block": "04016", "range": "27E", "section": "02", "latitude": 26.67953, "township": "44", "city_name": "ALVA", "longitude": -81.58712, "state_code": "FL", "county_name": "Lee", "postal_code": "33920", "street_name": "CANTON", "street_number": "2121", "request_identifier": "10358883", "street_suffix_type": "Ave"}
"bafkreig65dz6n3fr5qwsqz2kmixuaclbkhxyox3pkdgaeb6qmn6i7xy32e"	{"block": "04016", "range": "27E", "section": "02", "latitude": 26.67865, "township": "44", "city_name": "ALVA", "longitude": -81.5877, "state_code": "FL", "county_name": "Lee", "postal_code": "33920", "street_name": "COLUMBUS", "street_number": "2114", "request_identifier": "10358867", "street_suffix_type": "Ave"}
"bafkreicr7os64ja7xe4sqmrpomzyizhzsndqnzfcpttxpygpk2jux4mb2m"	{"block": "10039", "range": "27E", "section": "02", "latitude": 26.68443, "township": "44", "city_name": "ALVA", "longitude": -81.58581, "state_code": "FL", "county_name": "Lee", "postal_code": "33920", "street_name": "TRUMAN", "street_number": "2305", "request_identifier": "10359276", "street_suffix_type": "Ave"}
"bafkreidqa6lh2vynlgawy3vlarioznuatvsqsxcogrcb3g5i7ve3qrnlpq"	{"block": "03291", "range": "23E", "section": "03", "latitude": 26.58877, "township": "45", "city_name": "CAPE CORAL", "longitude": -82.00567, "state_code": "FL", "county_name": "Lee", "postal_code": "33914", "street_name": "15TH", "street_number": "3407", "request_identifier": "10092857", "street_suffix_type": "Pl", "street_pre_directional_text": "SW"}
"bafkreiexcpma3ffuyqj7kyczoo5qbporrfrxr6igwwpusgrbgaq5sqgtty"	{"block": "09041", "range": "27E", "section": "03", "latitude": 26.68119, "township": "44", "city_name": "LEHIGH ACRES", "longitude": -81.6127, "state_code": "FL", "county_name": "Lee", "postal_code": "33972", "street_name": "LAKERIDGE", "street_number": "260", "request_identifier": "10360610", "street_suffix_type": "Blvd"}
"bafkreidhqsmx6wwqohq4e45yxw4oxqson2i2xb6t6cprochffoclaxorma"	{"block": "03219", "range": "23E", "section": "34", "latitude": 26.59965, "township": "44", "city_name": "CAPE CORAL", "longitude": -81.9923, "state_code": "FL", "county_name": "Lee", "postal_code": "33914", "street_name": "8TH", "street_number": "2814", "request_identifier": "10091200", "street_suffix_type": "Pl", "street_pre_directional_text": "SW"}
"bafkreiduwlyeyrfftocy6nyfshta4vd4vqsjjme5f6mensce5xqqoqhlw4"	{"block": "03011", "range": "27E", "section": "01", "latitude": 26.67384, "township": "44", "city_name": "ALVA", "longitude": -81.56748, "state_code": "FL", "county_name": "Lee", "postal_code": "33920", "street_name": "FITCH", "street_number": "2004", "request_identifier": "10358099", "street_suffix_type": "Ave"}
"bafkreieyzt4oplrpsox2qlczgheitsfrfq3awhk6752axfsdnlh7qzhixa"	{"block": "01857", "range": "23E", "section": "35", "latitude": 26.6009, "township": "44", "city_name": "CAPE CORAL", "longitude": -81.9823, "state_code": "FL", "county_name": "Lee", "postal_code": "33914", "street_name": "3RD", "street_number": "2722", "request_identifier": "10094068", "street_suffix_type": "Pl", "street_pre_directional_text": "SW"}
"bafkreihkkdypqcgqpcgowar22qcdduaqm7mqr44jkaf7mt5vji4xxmi6dy"	{"block": "03287", "range": "23E", "section": "03", "latitude": 26.591, "township": "45", "city_name": "CAPE CORAL", "longitude": -81.99844, "state_code": "FL", "county_name": "Lee", "postal_code": "33914", "street_name": "11TH", "street_number": "3224", "request_identifier": "10092753", "street_suffix_type": "Pl", "street_pre_directional_text": "SW"}
"bafkreiepze7o453yvtq3kk4epma54s3ov4lqumdm3y2tlwuvt6iud6fyla"	{"block": "03289", "range": "23E", "section": "03", "latitude": 26.58446, "township": "45", "city_name": "CAPE CORAL", "longitude": -82.00182, "state_code": "FL", "county_name": "Lee", "postal_code": "33914", "street_name": "36TH", "street_number": "1222", "request_identifier": "10092803", "street_suffix_type": "Ter", "street_pre_directional_text": "SW"}
"bafkreihcnae6o2japktwjtc4z6yxh6gcnsnqjgeavaeuoqvj53a57evlre"	{"block": "03291", "range": "23E", "section": "03", "latitude": 26.58789, "township": "45", "city_name": "CAPE CORAL", "longitude": -82.00567, "state_code": "FL", "county_name": "Lee", "postal_code": "33914", "street_name": "15TH", "street_number": "3423/3425", "request_identifier": "10092861", "street_suffix_type": "Pl", "street_pre_directional_text": "SW"}
"bafkreid7gnw37ofwli57kq4zeudpdd5li35k7yfptku6x7xtemnafh4fwq"	{"block": "05017", "range": "27E", "section": "02", "latitude": 26.67979, "township": "44", "city_name": "ALVA", "longitude": -81.58938, "state_code": "FL", "county_name": "Lee", "postal_code": "33920", "street_name": "22ND", "street_number": "3000", "request_identifier": "10358887", "street_suffix_type": "St", "street_pre_directional_text": "E"}
"bafkreiduuqiysik7snvxu6xtyiaf3ajahcld4o5zvjocihk2hd443jj5na"	{"block": "12046", "range": "27E", "section": "01", "latitude": 26.6858, "township": "44", "city_name": "ALVA", "longitude": -81.5785, "state_code": "FL", "county_name": "Lee", "postal_code": "33920", "street_name": "MONROE", "street_number": "2313", "request_identifier": "10358574", "street_suffix_type": "Ave"}
"bafkreibq27gcqvwvqtwoi6tjq4mrqd5jlefrqkqjze2sqfqpcspghikigq"	{"block": "03220", "range": "23E", "section": "34", "latitude": 26.60635, "township": "44", "city_name": "CAPE CORAL", "longitude": -81.99604, "state_code": "FL", "county_name": "Lee", "postal_code": "33914", "street_name": "10TH", "street_number": "2420", "request_identifier": "10091242", "street_suffix_type": "Ave", "street_pre_directional_text": "SW"}
"bafkreigo3zoyjuhifjbesnaetu3ckc75zuoy4ly54vscnbi2ogocdyv3cy"	{"block": "07039", "range": "27E", "section": "03", "latitude": 26.67715, "township": "44", "city_name": "LEHIGH ACRES", "longitude": -81.61344, "state_code": "FL", "county_name": "Lee", "postal_code": "33972", "street_name": "GREENBRIAR", "street_number": "225/227", "request_identifier": "10360580", "street_suffix_type": "Blvd"}
"bafkreif7folytk2cwgkprclh7n5n2jequ5aabwop2yy74xlh7uhgprcvmy"	{"block": "01862", "range": "23E", "section": "35", "latitude": 26.60088, "township": "44", "city_name": "CAPE CORAL", "longitude": -81.97655, "state_code": "FL", "county_name": "Lee", "postal_code": "33914", "street_name": "1ST", "street_number": "2724", "request_identifier": "10094228", "street_suffix_type": "Ave", "street_pre_directional_text": "SW"}
"bafkreifqzqhowy5nuzjtoushvafamy6xgnqm2x66kdo3li6pqf6lw4p544"	{"block": "03285", "range": "23E", "section": "03", "latitude": 26.58579, "township": "45", "city_name": "CAPE CORAL", "longitude": -81.99293, "state_code": "FL", "county_name": "Lee", "postal_code": "33914", "street_name": "8TH", "street_number": "3529", "request_identifier": "10092699", "street_suffix_type": "Ct", "street_pre_directional_text": "SW"}
"bafkreifemu4hh5cnbqzz53nuvwi2kydoa7qo644pkrw6zzmpflhnezdnv4"	{"block": "03292", "range": "23E", "section": "03", "latitude": 26.58459, "township": "45", "city_name": "CAPE CORAL", "longitude": -82.00565, "state_code": "FL", "county_name": "Lee", "postal_code": "33914", "street_name": "15TH", "street_number": "3621", "request_identifier": "10092876", "street_suffix_type": "Pl", "street_pre_directional_text": "SW"}
"bafkreia3ouveinsgmh6ivxfp5mc72m6xwlyks4xfuwppg5zjdsguicqzte"	{"block": "03291", "range": "23E", "section": "03", "latitude": 26.58943, "township": "45", "city_name": "CAPE CORAL", "longitude": -82.00568, "state_code": "FL", "county_name": "Lee", "postal_code": "33914", "street_name": "15TH", "street_number": "3321", "request_identifier": "10092854", "street_suffix_type": "Pl", "street_pre_directional_text": "SW"}
"bafkreibxjkt3vhybv557n4uvcyxcwzidrb7cmobyhsm2butpnlxxvgosva"	{"block": "07028", "range": "27E", "section": "02", "latitude": 26.68069, "township": "44", "city_name": "ALVA", "longitude": -81.59499, "state_code": "FL", "county_name": "Lee", "postal_code": "33920", "street_name": "JEFFERSON", "street_number": "2204", "request_identifier": "10358987", "street_suffix_type": "Ave"}
"bafkreibpejz3ywxopfg5q5ofcg33jxcetwgylmu4eomqni3rjixbedzvfq"	{"block": "03291", "range": "23E", "section": "03", "latitude": 26.58965, "township": "45", "city_name": "CAPE CORAL", "longitude": -82.00568, "state_code": "FL", "county_name": "Lee", "postal_code": "33914", "street_name": "15TH", "street_number": "3317", "request_identifier": "10092853", "street_suffix_type": "Pl", "street_pre_directional_text": "SW"}
"bafkreibseaztfgrtgqbscljcmcrobpe4kwv6nxyaugblyouhxfioquwrk4"	{"block": "04015", "range": "27E", "section": "01", "latitude": 26.67767, "township": "44", "city_name": "ALVA", "longitude": -81.56895, "state_code": "FL", "county_name": "Lee", "postal_code": "33920", "street_name": "ABBOTT", "street_number": "2106", "request_identifier": "10358143", "street_suffix_type": "Ave"}
"bafkreieycozhmm3vmwjewszvtiz47pxsplyqwxyqeu5zeblqelse2dwcoy"	{"city_name": "JACKSONVILLE", "state_code": "FL", "county_name": "Duval", "postal_code": "32221", "street_name": "FOX CHAPEL", "country_code": "US", "street_number": "990", "request_identifier": "0088918095R", "street_suffix_type": "Ln"}
"bafkreihnpqqumbprntggq67yemmils77t6cfzo6ipls3evcje42dssk5am"	{"block": "03220", "range": "23E", "section": "34", "latitude": 26.60118, "township": "44", "city_name": "CAPE CORAL", "longitude": -81.99605, "state_code": "FL", "county_name": "Lee", "postal_code": "33914", "street_name": "10TH", "street_number": "2714", "request_identifier": "10091219", "street_suffix_type": "Ave", "street_pre_directional_text": "SW"}
"bafkreie2vs4myei6wpmiqmc5xg4b5ppmz7ewelrvupozscuvsoc2jbsbpe"	{"block": "04015", "range": "27E", "section": "01", "latitude": 26.67825, "township": "44", "city_name": "ALVA", "longitude": -81.56832, "state_code": "FL", "county_name": "Lee", "postal_code": "33920", "street_name": "FITCH", "street_number": "2111", "request_identifier": "10358154", "street_suffix_type": "Ave"}
"bafkreia5xlbt4btchxhqjilq6xl6rtvmxzecrewz7gfdd662edmmqsjuje"	{"block": "04014", "range": "27E", "section": "02", "latitude": 26.67666, "township": "44", "city_name": "ALVA", "longitude": -81.58487, "state_code": "FL", "county_name": "Lee", "postal_code": "33920", "street_name": "21ST", "street_number": "3301", "request_identifier": "10358818", "street_suffix_type": "St", "street_pre_directional_text": "E"}
"bafkreihsk2q4iwjl5erxczb7gwy63bb4spknn66rhet5q3ob5p7a3nlfm4"	{"block": "09046", "range": "27E", "section": "03", "latitude": 26.6865, "township": "44", "city_name": "LEHIGH ACRES", "longitude": -81.61184, "state_code": "FL", "county_name": "Lee", "postal_code": "33972", "street_name": "WINNETKA", "street_number": "2164", "request_identifier": "10360711", "street_suffix_type": "Dr"}
"bafkreifftes5v2kyb3pqctd544yxjfg2cerjy6zekjb3llhxrg5l2oaula"	{"block": "03262", "range": "23E", "section": "03", "latitude": 26.58948, "township": "45", "city_name": "CAPE CORAL", "longitude": -81.99971, "state_code": "FL", "county_name": "Lee", "postal_code": "33914", "street_name": "11TH", "street_number": "3320", "request_identifier": "10092217", "street_suffix_type": "Ct", "street_pre_directional_text": "SW"}
"bafkreidcx4viipokwzzzx2j6sirgxb5grtkanzzzp65quxte7hqde333b4"	{"block": "05017", "range": "27E", "section": "02", "latitude": 26.67981, "township": "44", "city_name": "ALVA", "longitude": -81.58842, "state_code": "FL", "county_name": "Lee", "postal_code": "33920", "street_name": "22ND", "street_number": "3006", "request_identifier": "10358914", "street_suffix_type": "St", "street_pre_directional_text": "E"}
"bafkreiclbesw7x5dc4kcfqodiaa7bqzte22igsbfh6ivt33362emshozt4"	{"block": "07028", "range": "27E", "section": "02", "latitude": 26.6807, "township": "44", "city_name": "ALVA", "longitude": -81.59435, "state_code": "FL", "county_name": "Lee", "postal_code": "33920", "street_name": "ROOSEVELT", "street_number": "2205", "request_identifier": "10358991", "street_suffix_type": "Ave"}
"bafkreieb7h2p6jzgyttmiecqcbcdpsjcehgbqowhe4unejrtrldqup5lrq"	{"block": "03285", "range": "23E", "section": "03", "latitude": 26.58645, "township": "45", "city_name": "CAPE CORAL", "longitude": -81.99293, "state_code": "FL", "county_name": "Lee", "postal_code": "33914", "street_name": "8TH", "street_number": "3517", "request_identifier": "10092696", "street_suffix_type": "Ct", "street_pre_directional_text": "SW"}
"bafkreidpcp75vyqrokub773vxmpwbktb62hklpelhmjsjfimzcr6vlpcae"	{"block": "02008", "range": "27E", "section": "01", "latitude": 26.6764, "township": "44", "city_name": "ALVA", "longitude": -81.57194, "state_code": "FL", "county_name": "Lee", "postal_code": "33920", "street_name": "21ST", "street_number": "4200", "request_identifier": "10358023", "street_suffix_type": "St", "street_pre_directional_text": "E"}
"bafkreifehdhg5b55oihibqdo3lhs2n43hdjz4puzcnuxloxunabnc2gtbe"	{"block": "01859", "range": "23E", "section": "35", "latitude": 26.60216, "township": "44", "city_name": "CAPE CORAL", "longitude": -81.98413, "state_code": "FL", "county_name": "Lee", "postal_code": "33914", "street_name": "4TH", "street_number": "2630", "request_identifier": "10094099", "street_suffix_type": "Pl", "street_pre_directional_text": "SW"}
"bafkreigjdfwq6ldo5xppmtbkziyhxqifewx2blpl3kduru2cskinep7jzm"	{"block": "01859", "range": "23E", "section": "35", "latitude": 26.60313, "township": "44", "city_name": "CAPE CORAL", "longitude": -81.98386, "state_code": "FL", "county_name": "Lee", "postal_code": "33914", "street_name": "26TH", "street_number": "413", "request_identifier": "10094103", "street_suffix_type": "Ter", "street_pre_directional_text": "SW"}
"bafkreiaooed2howtoqkh6ctjpzgyi5fj7o3izdd3me5lr3pkfzilkntgmu"	{"block": "03291", "range": "23E", "section": "03", "latitude": 26.59053, "township": "45", "city_name": "CAPE CORAL", "longitude": -82.00568, "state_code": "FL", "county_name": "Lee", "postal_code": "33914", "street_name": "15TH", "street_number": "3301/3303", "request_identifier": "10092849", "street_suffix_type": "Pl", "street_pre_directional_text": "SW"}
"bafkreib2p2ntinniv26wybq74t3jbwcy6tdbgietc5pehyzyks74b2u3e4"	{"block": "03009", "range": "27E", "section": "02", "latitude": 26.67421, "township": "44", "city_name": "ALVA", "longitude": -81.58752, "state_code": "FL", "county_name": "Lee", "postal_code": "33920", "street_name": "COLUMBUS", "street_number": "2008", "request_identifier": "10358685", "street_suffix_type": "Ave"}
"bafkreicpefvwf4lt53bvvy3b5yodgqy6or737sdbrp4b2x53unccihpe7y"	{"block": "03268", "range": "23E", "section": "03", "latitude": 26.5809, "township": "45", "city_name": "CAPE CORAL", "longitude": -82.00658, "state_code": "FL", "county_name": "Lee", "postal_code": "33914", "street_name": "CHIQUITA", "street_number": "3807", "request_identifier": "10092350", "street_suffix_type": "Blvd", "street_post_directional_text": "S"}
"bafkreiaqjvmx4vmxh2e7if5gkham57vuy2wlhur2obz5uymwcuk3lelsjq"	{"block": "05017", "range": "27E", "section": "02", "latitude": 26.67922, "township": "44", "city_name": "ALVA", "longitude": -81.58854, "state_code": "FL", "county_name": "Lee", "postal_code": "33920", "street_name": "COLUMBUS", "street_number": "2119", "request_identifier": "10358911", "street_suffix_type": "Ave"}
"bafkreihfubwujtnrgvxvbww3ehz2kqwcvkkhbjzqpprrn74kfcgrqfcfpe"	{"city_name": "JACKSONVILLE", "state_code": "FL", "county_name": "Duval", "postal_code": "32221", "street_name": "FOX CHAPEL", "country_code": "US", "street_number": "911", "request_identifier": "0088917910R", "street_suffix_type": "Ln"}
"bafkreihwegb4x6zpczw25fhykg7rqzyde2spxc3u32ppdiz6yn5p3hwe64"	{"city_name": "JACKSONVILLE", "state_code": "FL", "county_name": "Duval", "postal_code": "32221", "street_name": "RISING MIST", "country_code": "US", "street_number": "10157", "request_identifier": "0088917105R", "street_suffix_type": "Ln"}
"bafkreifopjdtsgikmw5ztgre7fub6d6mubhfzbs3x2dulxcklw3shenrzy"	{"state_code": "FL", "county_name": "Duval", "country_code": "US", "request_identifier": "1451838196R"}
"bafkreicfi4ba7xhvppf4ft7ruvk7x3kz77ifawo7vixb5ldw2y7ws7xl7i"	{"city_name": "JACKSONVILLE", "state_code": "FL", "county_name": "Duval", "postal_code": "32256", "street_name": "PLAYA DEL REY", "country_code": "US", "street_number": "7854", "request_identifier": "1485210746R", "street_suffix_type": "Ct"}
"bafkreicpry5q2b5anop7fniyq4i2tezxxt2zp3dalsyjmmxvlkfogd2myq"	{"city_name": "JACKSONVILLE", "state_code": "FL", "county_name": "Duval", "postal_code": "32221", "street_name": "OOD DOVE", "country_code": "US", "street_number": "10190", "request_identifier": "0088917175R", "street_suffix_type": "Way", "street_pre_directional_text": "W"}
"bafkreidktzlr36xt3yz7hpcy23stqucqykz6f5gv5tfgcu63mftiabpwtm"	{"city_name": "JACKSONVILLE", "state_code": "FL", "county_name": "Duval", "postal_code": "32221", "street_name": "CRYSTAL SPRINGS", "country_code": "US", "street_number": "1153", "request_identifier": "0088400205R", "street_suffix_type": "Ln"}
"bafkreibxdj7x5zqpccohdjjjxyqxvfl5qgqzwkmf3hgslpsvlichdg6wlq"	{"city_name": "JACKSONVILLE", "state_code": "FL", "county_name": "Duval", "postal_code": "32216", "street_name": "TREKKER", "country_code": "US", "street_number": "755", "request_identifier": "1451839125R", "street_suffix_type": "St"}
"bafkreifkhe5x5manfd4mrsb6mihaoe6cjlqwvdmqrivueh3pldfuuybmia"	{"city_name": "JACKSONVILLE", "state_code": "FL", "county_name": "Duval", "postal_code": "32221", "street_name": "ROSE HILL", "country_code": "US", "street_number": "8851", "request_identifier": "0088061620R", "street_suffix_type": "Dr", "street_pre_directional_text": "N"}
"bafkreidrmdl3t3vplzqrwhw3y3tmlqglvdakhqzbu2loxmlv264awe7xuy"	{"city_name": "JACKSONVILLE", "state_code": "FL", "county_name": "Duval", "postal_code": "32221", "street_name": "FOX CHAPEL", "country_code": "US", "street_number": "977", "request_identifier": "0088917965R", "street_suffix_type": "Ln"}
"bafkreiakyvhdwfjlhh6lywgyr6zrv5w65epfa6bogmsr7jkjopnqwsgahm"	{"city_name": "JACKSONVILLE", "state_code": "FL", "county_name": "Duval", "postal_code": "32218", "street_name": "HAYDEN LAKES", "country_code": "US", "street_number": "11916", "request_identifier": "1097060505R", "street_suffix_type": "Cir"}
"bafkreigfb54gtcpu2h6bnm5c5lt4sf36dpmpxew7zdq2v7hkladayew5tu"	{"city_name": "JACKSONVILLE", "state_code": "FL", "county_name": "Duval", "postal_code": "32221", "street_name": "CHERRY HILL", "country_code": "US", "street_number": "8924", "request_identifier": "0088061815R", "street_suffix_type": "Dr"}
"bafkreidnf3u35nsf7pebztnekev3j3y42xqq2vaqiwndbyghhw2o2sgoru"	{"city_name": "JACKSONVILLE", "state_code": "FL", "county_name": "Duval", "postal_code": "32221", "street_name": "MOUNTAIN LAKE", "country_code": "US", "street_number": "1581", "request_identifier": "0088062340R", "street_suffix_type": "Dr", "street_pre_directional_text": "E"}
"bafkreifldzvtom2xfugckmhejsp5fnt3765nb7eal7mn37nxc5lvyy5fgy"	{"city_name": "JACKSONVILLE", "state_code": "FL", "county_name": "Duval", "postal_code": "32221", "street_name": "RISING MIST", "country_code": "US", "street_number": "10221", "request_identifier": "0088917050R", "street_suffix_type": "Ln"}
"bafkreigpd2a2exfkbsjxaelycqk6r5em4nikhvqbcolx7m5cuijvgvxxky"	{"state_code": "FL", "county_name": "Duval", "country_code": "US", "request_identifier": "1479843025R"}
"bafkreiaviwzmicnrwzjd2eqepo2saceegffl3ccya7d5uqoh33b3etkjiu"	{"state_code": "FL", "county_name": "Duval", "country_code": "US", "request_identifier": "1479843705R"}
"bafkreif5dnahmqdc7kxvnc2knqs6dxc65pqznzjdfo44rit32kamvsvrru"	{"city_name": "JACKSONVILLE", "state_code": "FL", "county_name": "Duval", "postal_code": "32221", "street_name": "DDINGS GROVE", "country_code": "US", "street_number": "1547", "request_identifier": "0088063845R", "street_suffix_type": "Ln", "street_pre_directional_text": "E"}
"bafkreify5k42yd53lnz5mb5sawqrnsunl2yx2afyxyq2lmujoywnfi4gwq"	{"city_name": "JACKSONVILLE", "state_code": "FL", "county_name": "Duval", "postal_code": "32221", "street_name": "VILLIERS", "country_code": "US", "street_number": "9622", "request_identifier": "0088921085R", "street_suffix_type": "Dr", "street_pre_directional_text": "S"}
"bafkreiavcxrqcupb3lksvxdvuomp25snuau7vse4o5kfncn7yyemkcyg4i"	{"city_name": "JACKSONVILLE", "state_code": "FL", "county_name": "Duval", "postal_code": "32221", "street_name": "CASTLE ROCK", "country_code": "US", "street_number": "8939", "request_identifier": "0088062755R", "street_suffix_type": "Dr"}
"bafkreiagmaz7a5ehsns45x3tzscn3kb62kow53nrwwzngfq4h3xdky6hgm"	{"state_code": "FL", "county_name": "Duval", "country_code": "US", "request_identifier": "1479844005R"}
"bafkreigxwuf2zulojfvljm6xsu5b7mt5dn6xycerk2m57zyzkmrscxbfqu"	{"city_name": "JACKSONVILLE", "state_code": "FL", "county_name": "Duval", "postal_code": "32221", "street_name": "RADNOR", "country_code": "US", "street_number": "593", "request_identifier": "0088922410R", "street_suffix_type": "Ln"}
"bafkreibad4sgzmm5g2qhdfyunyqjq24ukjvtcckijapqnc5gattjnmfptq"	{"state_code": "FL", "county_name": "Duval", "country_code": "US", "request_identifier": "1485202045R"}
"bafkreibokjnew5cejy7wiw446wj5cf42hheu5i2hyxi7pqsbd2mwkjhsla"	{"city_name": "JACKSONVILLE", "state_code": "FL", "county_name": "Duval", "postal_code": "32221", "street_name": "EMILYS WALK", "country_code": "US", "street_number": "1127", "request_identifier": "0088711610R", "street_suffix_type": "Ln", "street_pre_directional_text": "W"}
"bafkreigtgk5nphypekahbxpq5gupeeygxlu2uwipgqppernrf4epukf67a"	{"city_name": "JACKSONVILLE", "state_code": "FL", "county_name": "Duval", "postal_code": "32210", "street_name": "MEMORY", "country_code": "US", "street_number": "1754", "request_identifier": "0118110000R", "street_suffix_type": "Ln"}
"bafkreigyx36paxxlq3ive5m3ybkc5gu65xkdochviuaqm6v57tem2qn6l4"	{"city_name": "JACKSONVILLE", "state_code": "FL", "county_name": "Duval", "postal_code": "32221", "street_name": "EMILYS WALK", "country_code": "US", "street_number": "1065", "request_identifier": "0088711270R", "street_suffix_type": "Ln", "street_pre_directional_text": "E"}
"bafkreie7ni37gwfqfw3tdgwxrefhfwc4hb6pwouclem4zdfrfsjgfogdl4"	{"city_name": "JACKSONVILLE", "state_code": "FL", "county_name": "Duval", "postal_code": "32256", "street_name": "TONY BROOK", "country_code": "US", "street_number": "9191", "request_identifier": "1485202715R", "street_suffix_type": "Rd", "street_pre_directional_text": "S"}
"bafkreibqsg6fy3hznl5fpn5bnjn6ij5zc2dowgklqwbafyh24ovfu5mgru"	{"city_name": "JACKSONVILLE", "state_code": "FL", "county_name": "Duval", "postal_code": "32221", "street_name": "PEMBRIDGE", "country_code": "US", "street_number": "582", "request_identifier": "0088922590R", "street_suffix_type": "Dr", "street_pre_directional_text": "W"}
"bafkreia672dc3f62xb2aguyfc63mfkuobkfwmavtewtrd57rsngwdzebmi"	{"city_name": "JACKSONVILLE", "state_code": "FL", "county_name": "Duval", "postal_code": "32218", "street_name": "CEDAR BAY", "country_code": "US", "street_number": "1228", "request_identifier": "1085990000R", "street_suffix_type": "Rd"}
"bafkreibfzaxfkxyarnug4zuzzeddtgiq7e453sjfquhcu6wgq63lb6qo5i"	{"city_name": "JACKSONVILLE", "state_code": "FL", "county_name": "Duval", "postal_code": "32221", "street_name": "VILLIERS", "country_code": "US", "street_number": "9683", "request_identifier": "0088922625R", "street_suffix_type": "Dr", "street_pre_directional_text": "N"}
"bafkreidzqpqecpn7hio6crwiaewbhqzn5ir3ho2xos2pit64tmnf3qxc64"	{"state_code": "FL", "county_name": "Duval", "country_code": "US", "request_identifier": "0086870020R"}
"bafkreiesp6tbnp36zqxf6e6b6blyjp2pukejdwovodwymgljwinifaiybm"	{"city_name": "JACKSONVILLE", "state_code": "FL", "county_name": "Duval", "postal_code": "32208", "street_name": "OODLAND", "country_code": "US", "street_number": "9648", "request_identifier": "0296990000R", "street_suffix_type": "Ave", "street_pre_directional_text": "W"}
"bafkreiduwiuwz4agxxh4ggrhr6qnkv47n2jwyi6jkliwr5eoee6cqzg4gy"	{"city_name": "JACKSONVILLE", "state_code": "FL", "county_name": "Duval", "postal_code": "32217", "street_name": "HAWKS LANDING", "country_code": "US", "street_number": "8180", "request_identifier": "1483201645R", "street_suffix_type": "Dr"}
"bafkreiasikeycsbzichqnvkp35yx6vnxw2wleeiui4qcwkszn2lpkcrd6u"	{"city_name": "JACKSONVILLE", "state_code": "FL", "county_name": "Duval", "postal_code": "32210", "street_name": "ORIELY", "country_code": "US", "street_number": "4176", "request_identifier": "0143273346R", "street_suffix_type": "Dr", "street_pre_directional_text": "W"}
"bafkreigdbp6xu6qype5j7izwzlybtqqdjvyzd244zrt3sdcnydmxhszo3y"	{"state_code": "FL", "county_name": "Duval", "country_code": "US", "request_identifier": "0358600000R"}
"bafkreihtk4npcbuijj5lreovqdwexeau5qnl2e732vyvjtoywoy6vkknbm"	{"block": "1", "range": "15", "section": "34", "township": "29", "city_name": "LARGO", "state_code": "FL", "county_name": "Pinellas", "postal_code": "33770", "street_name": "4TH AVE", "country_code": "US", "street_number": "609", "request_identifier": "152934749880010030"}
"bafkreihi7x7k2gbq5fzqi5qaq5x24upu4sde3vq6kdi3wm464owdhsqvse"	{"range": "15", "section": "33", "township": "29", "city_name": "LARGO", "state_code": "FL", "county_name": "Pinellas", "postal_code": "33770", "street_name": "EDNA", "country_code": "US", "street_number": "1614", "request_identifier": "152933916740000140", "street_suffix_type": "Ave"}
"bafkreiasel6mu4gutx7va37ads7afr36ufyjafiidvod53sgvhyhkusria"	{"range": "15", "section": "33", "township": "29", "city_name": "LARGO", "state_code": "FL", "county_name": "Pinellas", "postal_code": "33770", "street_name": "NEVA", "country_code": "US", "street_number": "1840", "request_identifier": "152933088560001110", "street_suffix_type": "Dr"}
"bafkreicfv4r6vy2baxvwee2iarlcr4lvku4fpgplgxhhoqbdaocxlksrjy"	{"block": "5", "range": "15", "section": "34", "township": "29", "city_name": "LARGO", "state_code": "FL", "county_name": "Pinellas", "postal_code": "33770", "street_name": "3RD AVE", "country_code": "US", "street_number": "506", "request_identifier": "152934765360050190"}
"bafkreig3ls5jdziuss6pyzbrtq4c6tgsgrnhrxe5emge26kbv42m5ft7um"	{"range": "15", "section": "34", "township": "29", "city_name": "LARGO", "state_code": "FL", "county_name": "Pinellas", "postal_code": "33770", "street_name": "4TH AVE", "country_code": "US", "street_number": "111", "request_identifier": "152934006840000230"}
"bafkreigf2zkcp7sjwxxkpymoarn5zzpjtjv7neng4inr2rwu4lw2jie3tm"	{"block": "4", "range": "15", "section": "34", "township": "29", "city_name": "LARGO", "state_code": "FL", "county_name": "Pinellas", "postal_code": "33770", "street_name": "2ND AVE", "country_code": "US", "street_number": "530", "request_identifier": "152934765360040141"}
"bafkreigjw6vgzlisgkktdn5ybzjorofq7td6jup4ol4wyevq5ap6vobsd4"	{"range": "15", "section": "33", "township": "29", "city_name": "LARGO", "state_code": "FL", "county_name": "Pinellas", "postal_code": "33770", "street_name": "PATLIN CIR", "country_code": "US", "street_number": "1821", "request_identifier": "152933088560001540"}
"bafkreibjyckb7u266rt3m2cn7nar2yeoxbdnerbcl3sx5rpx3msn4ybxce"	{"range": "15", "section": "33", "township": "29", "city_name": "BELLEAIR BLUFFS", "state_code": "FL", "county_name": "Pinellas", "postal_code": "33770", "street_name": "LANAI", "country_code": "US", "street_number": "2089", "request_identifier": "152933070020000950", "street_suffix_type": "Ave"}
"bafkreigpj5xthpzrj55alytkydowhik6jjqzyqm55zp4no2k4n5xg64rxu"	{"range": "15", "section": "35", "township": "29", "city_name": "LARGO", "state_code": "FL", "county_name": "Pinellas", "postal_code": "33771", "street_name": "EAST BAY DR # 93", "country_code": "US", "street_number": "2000", "request_identifier": "152935175180000930"}
"bafkreib2ctyappgcpvq5tjwd6gsf55ciehsztzfwe6alnwilmpegtheliq"	{"block": "2", "range": "15", "section": "34", "township": "29", "city_name": "LARGO", "state_code": "FL", "county_name": "Pinellas", "postal_code": "33770", "street_name": "STREMMA", "country_code": "US", "street_number": "499", "request_identifier": "152934855720020170", "street_suffix_type": "Rd"}
"bafkreigeto7umf7yphx43e2qlw7meuomwwadgv6l2plem5p4lkvxdc7eqa"	{"range": "15", "section": "35", "township": "29", "city_name": "LARGO", "state_code": "FL", "county_name": "Pinellas", "postal_code": "33771", "street_name": "STARKEY RD # 344", "country_code": "US", "street_number": "700", "request_identifier": "152935288850013440"}
"bafkreiaseef3r6neemyzyizde2og5dvg7xiqoobyl4cofhkae2n5vyue3q"	{"block": "7", "range": "15", "section": "34", "township": "29", "city_name": "LARGO", "state_code": "FL", "county_name": "Pinellas", "postal_code": "33770", "street_name": "5TH AVE", "country_code": "US", "street_number": "406", "request_identifier": "152934765360070010"}
"bafkreiagxzu2odlu3od4hdig4wjvt7eibrgdkvnzjaevg6ji4ak7lw7zta"	{"block": "1", "range": "15", "section": "34", "township": "29", "city_name": "LARGO", "state_code": "FL", "county_name": "Pinellas", "postal_code": "33770", "street_name": "6TH AVE", "country_code": "US", "street_number": "415", "request_identifier": "152934393840010200"}
"bafkreiactbbfq2oiojcmrxxrmflmflt5je5w7jhuuykl3v2wangx6n3ewy"	{"block": "4", "range": "15", "section": "34", "township": "29", "city_name": "LARGO", "state_code": "FL", "county_name": "Pinellas", "postal_code": "33770", "street_name": "3RD AVE", "country_code": "US", "street_number": "519", "request_identifier": "152934765360040110"}
"bafkreieyvpzndiurhs4rtyrblfin4fuw2aczfxa72ekd7yvr56bw5tqkou"	{"block": "2", "range": "15", "section": "34", "township": "29", "city_name": "LARGO", "state_code": "FL", "county_name": "Pinellas", "postal_code": "33770", "street_name": "7TH AVE", "country_code": "US", "street_number": "503", "request_identifier": "152934393840020180"}
"bafkreid2i3wlxmmqcqb4std7fcqhqopm5fp5pxs2cod5gd4cjj76ctpbjy"	{"range": "15", "section": "35", "township": "29", "city_name": "LARGO", "state_code": "FL", "county_name": "Pinellas", "postal_code": "33771", "street_name": "EAST BAY DR # 13", "country_code": "US", "street_number": "2000", "request_identifier": "152935175180000130"}
"bafkreidsxfqfwf4f3npbuibupgibs63tbyillplrjfnnxjw4k4rdl5uufu"	{"block": "2", "range": "15", "section": "33", "township": "29", "city_name": "BELLEAIR BLUFFS", "state_code": "FL", "county_name": "Pinellas", "postal_code": "33770", "street_name": "BELMAR", "country_code": "US", "street_number": "2192", "request_identifier": "152933474480020030", "street_suffix_type": "Dr"}
"bafkreihaurlxukhqnsqq2kiz6cy5jkzxmxgen5653k6zoqjw4efyfk53iu"	{"range": "15", "section": "35", "township": "29", "city_name": "LARGO", "state_code": "FL", "county_name": "Pinellas", "postal_code": "33771", "street_name": "JAKES", "country_code": "US", "street_number": "9110", "request_identifier": "152935320100000460", "street_suffix_type": "Path"}
"bafkreibm6klanbum7v53k53iiux5petn7d5mnkfgobmvieptw6agvsxosm"	{"block": "D", "range": "15", "section": "34", "township": "29", "city_name": "LARGO", "state_code": "FL", "county_name": "Pinellas", "postal_code": "33770", "street_name": "1ST AVE", "country_code": "US", "street_number": "403", "request_identifier": "152934933300040080"}
"bafkreihsetwxpivi7n36b2cscuvt2isbrurj27xbx7yscmmdrdjpbczqru"	{"block": "17", "range": "15", "section": "34", "township": "29", "city_name": "LARGO", "state_code": "FL", "county_name": "Pinellas", "postal_code": "33770", "street_name": "1ST AVE", "country_code": "US", "street_number": "715", "request_identifier": "152934765360170100"}
"bafkreifztmuc5iekj6qrx6aap6chyuj443edvggd3gzl27gp2mj3ajayb4"	{"block": "G", "range": "15", "section": "34", "township": "29", "city_name": "LARGO", "state_code": "FL", "county_name": "Pinellas", "postal_code": "33770", "street_name": "4TH ST", "country_code": "US", "street_number": "265", "request_identifier": "152934501300070040"}
"bafkreif5wiyopnweto62iqipfyy6veililaum5vgmufgpforqml6myjqpm"	{"range": "15", "section": "35", "township": "29", "city_name": "LARGO", "state_code": "FL", "county_name": "Pinellas", "postal_code": "33771", "street_name": "COUNTRY CLUB DR # A106", "country_code": "US", "street_number": "225", "request_identifier": "152935684060001060"}
"bafkreiahwl7xb5j75nepwtwdut4ebmcuiexvlvazggc4kywk5qu64x6d4u"	{"range": "15", "section": "34", "township": "29", "city_name": "LARGO", "state_code": "FL", "county_name": "Pinellas", "postal_code": "33771", "street_name": "7TH ST", "country_code": "US", "street_number": "616", "request_identifier": "152934474400000870"}
"bafkreiflcv4hsewhyp5s2hhkbdclkruspqz56ppm3jezncmxn2bi6zqfze"	{"range": "15", "section": "34", "township": "29", "city_name": "LARGO", "state_code": "FL", "county_name": "Pinellas", "postal_code": "33770", "street_name": "EAST BAY DR # 2202", "country_code": "US", "street_number": "501", "request_identifier": "152934544510170030"}
"bafkreielm5obtdy7hm7ngpzjs5qnh2rnth4nmyflhkf3ur4yv43o4peoiu"	{"range": "15", "section": "33", "township": "29", "city_name": "LARGO", "state_code": "FL", "county_name": "Pinellas", "postal_code": "33770", "street_name": "DEBORAH", "country_code": "US", "street_number": "1884", "request_identifier": "152933070200000050", "street_suffix_type": "Ave"}
"bafkreicao3nzhooawdll7zzrlb43ka7mn7ondd63ryxqaoyvkxfwcq5txq"	{"range": "15", "section": "35", "township": "29", "city_name": "LARGO", "state_code": "FL", "county_name": "Pinellas", "postal_code": "33771", "street_name": "LAKE AVE # 113", "country_code": "US", "street_number": "101", "request_identifier": "152935473430011130"}
"bafkreice3abdi6zjerzr2qvzdlzmplf2akcjyoydsqvcohsopfkrok35gi"	{"block": "5", "range": "15", "section": "34", "township": "29", "city_name": "LARGO", "state_code": "FL", "county_name": "Pinellas", "postal_code": "33770", "street_name": "7TH AVE", "country_code": "US", "street_number": "604", "request_identifier": "152934749880050041"}
"bafkreibqit4dagxj5y5ijzvcxa23asu5lox53pvvgzl5odw2hgnx63tnle"	{"range": "15", "section": "34", "township": "29", "city_name": "LARGO", "state_code": "FL", "county_name": "Pinellas", "postal_code": "33770", "street_name": "4TH ST", "country_code": "US", "street_number": "152", "request_identifier": "152934442260000180"}
"bafkreidstowecl4wwxkawbxgfzizefrf5dnpr3v445xosfoijts3bpxfky"	{"range": "15", "section": "34", "township": "29", "city_name": "LARGO", "state_code": "FL", "county_name": "Pinellas", "postal_code": "33770", "street_name": "PETIT", "country_code": "US", "street_number": "620", "request_identifier": "152934827550000040", "street_suffix_type": "Way"}
"bafkreihiwq3mr2b2fv3dnq5g7kah6iuuy756jnaqpvjahltk346tzdb3ru"	{"range": "15", "section": "34", "township": "29", "city_name": "LARGO", "state_code": "FL", "county_name": "Pinellas", "postal_code": "33770", "street_name": "3RD ST", "country_code": "US", "street_number": "255", "request_identifier": "152934588800000030"}
"bafkreignctd25xowpo6sittpkskepojmw6atqquxqyrttqpu53rjbu7k6e"	{"range": "15", "section": "35", "township": "29", "city_name": "LARGO", "state_code": "FL", "county_name": "Pinellas", "postal_code": "33771", "street_name": "21ST TER", "country_code": "US", "street_number": "378", "request_identifier": "152935571500000090"}
"bafkreihlrvr6ampabib4rzshqbctrmlfuhhkgy2begdxvc37r3txgcmzpe"	{"range": "15", "section": "34", "township": "29", "city_name": "LARGO", "state_code": "FL", "county_name": "Pinellas", "postal_code": "33770", "street_name": "6TH AVE", "country_code": "US", "street_number": "495", "request_identifier": "152934636660000220"}
"bafkreibnapamzifsqehzf3fn5ksi7l7qjeauijfca4pprcqeaz5oggkdc4"	{"range": "15", "section": "34", "township": "29", "city_name": "LARGO", "state_code": "FL", "county_name": "Pinellas", "postal_code": "33770", "street_name": "6TH AVE", "country_code": "US", "street_number": "160", "request_identifier": "152934062820000040"}
"bafkreiefgl42izugpqbxecywopkfwytkir2p4vxtbu4urnp5tvkjtm46uy"	{"range": "15", "section": "34", "township": "29", "city_name": "LARGO", "state_code": "FL", "county_name": "Pinellas", "postal_code": "33770", "street_name": "PETIT", "country_code": "US", "street_number": "603", "request_identifier": "152934827550000160", "street_suffix_type": "Way"}
"bafkreico5kmezwu37man7cbiewumrh3eoi3gxzwotwhmhtkwz2qf5w535q"	{"range": "15", "section": "34", "township": "29", "city_name": "LARGO", "state_code": "FL", "county_name": "Pinellas", "postal_code": "33770", "street_name": "EAST BAY DR # 1902", "country_code": "US", "street_number": "501", "request_identifier": "152934544510220030"}
"bafkreief3nj44ftxvo7dpl3dwytnjaiajkhthit24offgja3ptogezkqoi"	{"range": "15", "section": "35", "township": "29", "city_name": "LARGO", "state_code": "FL", "county_name": "Pinellas", "postal_code": "33771", "street_name": "EAST BAY DR # 106", "country_code": "US", "street_number": "2291", "request_identifier": "152935317200001060"}
"bafkreievx53de66terhr354pfn6cwhgy57pvy2k7pthlarqmjkxwmwyjde"	{"block": "C", "range": "15", "section": "33", "township": "29", "city_name": "LARGO", "state_code": "FL", "county_name": "Pinellas", "postal_code": "33770", "street_name": "22ND ST", "country_code": "US", "street_number": "703", "request_identifier": "152933551520030020"}
"bafkreiarmsfzxlrkoz4fgtirihq7f6w2vv2bnoy7lehpovr6lz5ny425cu"	{"range": "15", "section": "35", "township": "29", "city_name": "LARGO", "state_code": "FL", "county_name": "Pinellas", "postal_code": "33771", "street_name": "COUNTRY CLUB DR # 1105", "country_code": "US", "street_number": "225", "request_identifier": "152935683990001105"}
"bafkreig2ejgvcuumf2psqbvxkl3cspr5ycyto37iiuzov4zdrvjb4kpltq"	{"block": "1", "range": "15", "section": "33", "township": "29", "city_name": "LARGO", "state_code": "FL", "county_name": "Pinellas", "postal_code": "33770", "street_name": "4TH AVE", "country_code": "US", "street_number": "920", "request_identifier": "152933532080010050"}
"bafkreidefnqp3mnbam4febxordswjmghrketetvyfzousjc5q5eg5reobm"	{"block": "4", "range": "15", "section": "34", "township": "29", "city_name": "LARGO", "state_code": "FL", "county_name": "Pinellas", "postal_code": "33770", "street_name": "RIDGE RD", "country_code": "US", "street_number": "368", "request_identifier": "152934994500040080"}
"bafkreig33xzd2mm2piudcfoyu2ly4jdtrxjkvjfnlnm44mamhs5zmcnb2y"	{"range": "15", "section": "33", "township": "29", "city_name": "LARGO", "state_code": "FL", "county_name": "Pinellas", "postal_code": "33770", "street_name": "OVERBROOK DR", "country_code": "US", "street_number": "197", "request_identifier": "152933070380000770"}
"bafkreidlbpggvcrlumttti2lkmx5vg5fedm3xxd7pd4vjazz6uw2bxha4e"	{"range": "15", "section": "34", "township": "29", "city_name": "LARGO", "state_code": "FL", "county_name": "Pinellas", "postal_code": "33770", "country_code": "US", "street_number": "PETIT", "request_identifier": "152934827550000001", "street_suffix_type": "Way"}
"bafkreihiayc3mdmccqr625v5vj2hdz463n6jhecgpj6bt3sjikal5efr6e"	{"range": "18E", "section": "01", "township": "37S", "city_name": "SARASOTA", "state_code": "FL", "county_name": "Sarasota", "postal_code": "34233", "street_name": "CAROL ANN", "street_number": "0", "request_identifier": "0000007987", "street_suffix_type": "Rd"}
"bafkreigwlorxgnfjd5ysersigce2wituxxozpqf36njswemqjpjbfbi5rq"	{"range": "15", "section": "34", "township": "29", "city_name": "LARGO", "state_code": "FL", "county_name": "Pinellas", "postal_code": "33770", "street_name": "2ND AVE", "country_code": "US", "street_number": "622", "request_identifier": "152934177480000150"}
"bafkreifrixelucnelik6bn447nenk3vlhgyjaku3sshwaimmty24ngc4na"	{"range": "17E", "section": "13", "township": "36S", "city_name": "TRL SARASOTA", "state_code": "FL", "county_name": "Sarasota", "postal_code": "34236", "street_name": "TAMIAMI", "street_number": "0", "request_identifier": "0000008203"}
"bafkreieftgdwipnotfzyeila27te3gcbzle4gfls64ap7jy5lj2cvoeweq"	{"city_name": "TAMPA", "state_code": "FL", "county_name": "Hillsborough", "postal_code": "33609", "street_name": "BEACH BREEZE", "country_code": "US", "street_number": "5216", "request_identifier": "18292087I000009052160A", "street_suffix_type": "Ct"}
"bafkreifznubvyu3zmxax55zgkuhzou37go4xpcertwn6p6vvhz43un2ncu"	{"city_name": "LUTZ", "state_code": "FL", "county_name": "Hillsborough", "postal_code": "33549", "street_name": "CHAPMAN", "country_code": "US", "street_number": "606", "request_identifier": "182725ZZZ000000648800U", "street_suffix_type": "Rd", "street_pre_directional_text": "E"}
"bafkreifzbzpq3ju7xablfuz2xktwvbpl3i4gf4ceezrpjv6aeylptecdva"	{"city_name": "ODESSA", "state_code": "FL", "county_name": "Hillsborough", "postal_code": "33556", "street_name": "TARPON SPRINGS", "country_code": "US", "street_number": "11002", "request_identifier": "172716ZZZ000000101200U", "street_suffix_type": "Rd"}
"bafkreihqt7izqjlk2b6n3a2pm2oxcvjkbfdm23oo4lquiyhllsltlxwjxe"	{"city_name": "TAMPA", "state_code": "FL", "county_name": "Hillsborough", "postal_code": "33635", "street_name": "ZENITH", "country_code": "US", "street_number": "11422", "request_identifier": "172821079000004000230U", "street_suffix_type": "Cir"}
"bafkreifq7mddfiwlnpqybpuhltxyuce4k6ikt2wcadtaqc76mo4y22tfra"	{"city_name": "TAMPA", "state_code": "FL", "county_name": "Hillsborough", "postal_code": "33618", "street_name": "RAVENDALE", "country_code": "US", "street_number": "16145", "request_identifier": "1827270OJ000001000050U", "street_suffix_type": "Dr"}
"bafkreibt4e7wyz65lwu3ufhkw4qh3pqjve3k7qdflrv4gdjg4kar3afadm"	{"city_name": "TAMPA", "state_code": "FL", "county_name": "Hillsborough", "postal_code": "33609", "street_name": "BEACH HAVEN", "country_code": "US", "street_number": "108", "request_identifier": "18292087I000014001080A", "street_suffix_type": "Ln"}
"bafkreidhmm6gckwnxlqkv24exrx7gaucif4ezt4sqpcowsucxy64ymkpo4"	{"city_name": "TAMPA", "state_code": "FL", "county_name": "Hillsborough", "postal_code": "33635", "street_name": "GLENMONT", "country_code": "US", "street_number": "11501", "request_identifier": "172821079000001000010U", "street_suffix_type": "Dr"}
"bafkreicujq2634mm2yztm3j2rgyd2ukiyxbpglard2o4nef5ceuwlgobwa"	{"city_name": "TAMPA", "state_code": "FL", "county_name": "Hillsborough", "postal_code": "33609", "street_name": "PALOMA", "country_code": "US", "street_number": "412", "request_identifier": "1829203LA000027000030A", "street_suffix_type": "Pl", "street_pre_directional_text": "S"}
"bafkreigcyfvh2okvyozgh37adbnoe4eivurxfky6k3hfxokrky2rudv7uu"	{"city_name": "TAMPA", "state_code": "FL", "county_name": "Hillsborough", "postal_code": "33609", "street_name": "HAMPTON BEACH", "country_code": "US", "street_number": "5250", "request_identifier": "18292087I000008052500A", "street_suffix_type": "Pl"}
"bafkreicvk2jn3hg4c5sra5x5pqlwnab5h7umkrvc7tz4xolgkh73pnps6q"	{"city_name": "TAMPA", "state_code": "FL", "county_name": "Hillsborough", "postal_code": "33609", "street_name": "GRAND BEACH", "country_code": "US", "street_number": "127", "request_identifier": "18292087I000013001270A", "street_suffix_type": "Pl"}
"bafkreidrnyyu7pbwdq3ab6pmfn4ze3eogbtbbbrhpq3jzr7s6idwpwcbue"	{"city_name": "TAMPA", "state_code": "FL", "county_name": "Hillsborough", "postal_code": "33609", "street_name": "SHERRILL", "country_code": "US", "street_number": "139", "request_identifier": "18292087I000006001390A", "street_suffix_type": "St", "street_pre_directional_text": "S"}
"bafkreiesofwwumys7e3skyqwbz5ptibrzttzah5nl5bo56esrsbckuhtbi"	{"city_name": "TAMPA", "state_code": "FL", "county_name": "Hillsborough", "postal_code": "33626", "country_code": "US", "request_identifier": "17280470K000000B00030U"}
"bafkreiccdf34rzafcfdz3cbdqjrxlyb4xmthm3iqwzkgp53ad5lzgvkdvi"	{"city_name": "TAMPA", "state_code": "FL", "county_name": "Hillsborough", "postal_code": "33618", "street_name": "LAKE HEATHER", "country_code": "US", "street_number": "16402", "request_identifier": "1827270OC000001000010U", "street_suffix_type": "Dr"}
"bafkreidjjzkwaq7kdikjsgg735keldvywhmswslfk2irybytzvryfvyji4"	{"city_name": "TAMPA", "state_code": "FL", "county_name": "Hillsborough", "postal_code": "33618", "street_name": "SAGEBRUSH", "country_code": "US", "street_number": "16124", "request_identifier": "1827270OE000006000230U", "street_suffix_type": "Rd"}
"bafkreic2bqvyff6flkhuwgckgd52xmf6yzxt6dk4eftcodykbtubsv4qxi"	{"city_name": "TAMPA", "state_code": "FL", "county_name": "Hillsborough", "postal_code": "33609", "street_name": "GRAND BEACH", "country_code": "US", "street_number": "155", "request_identifier": "18292087I000012001550A", "street_suffix_type": "Pl"}
"bafkreiczdcui4437sltcawtd7h4zu5xo5lv2ntbae7rhook2fvhamxc72a"	{"city_name": "TAMPA", "state_code": "FL", "county_name": "Hillsborough", "postal_code": "33626", "street_name": "ANTLER POINT", "country_code": "US", "street_number": "13727", "request_identifier": "172803043B00000000130U", "street_suffix_type": "Dr"}
"bafkreig6r2iuf76hv2hfls6rprx2iv4xi52bewpayjdbkh5f3kqqhddumm"	{"city_name": "TAMPA", "state_code": "FL", "county_name": "Hillsborough", "postal_code": "33635", "street_name": "TIDAL BAY", "country_code": "US", "street_number": "8601", "request_identifier": "1728205X7000000G00010U", "street_suffix_type": "Ln"}
"bafkreic3dhcstmyiitvzppideumnetuk6guxntqepnjos3ftsusyhweq7m"	{"city_name": "TAMPA", "state_code": "FL", "county_name": "Hillsborough", "postal_code": "33609", "country_code": "US", "request_identifier": "1829203KW000001001100A"}
"bafkreigrhdu5g4vce4622cnzmmlhy7kaowxsd4x4s5kruw6agxmwfj7kfa"	{"city_name": "TAMPA", "state_code": "FL", "county_name": "Hillsborough", "postal_code": "33613", "street_name": "GUISANDO DE AVILA", "country_code": "US", "street_number": "903", "request_identifier": "1827260NR000001000040U", "street_suffix_type": "St"}
"bafkreieirqruonaz5kikrctlv5r76dyeotxxml6wdudsplhkttot5mpize"	{"city_name": "TAMPA", "state_code": "FL", "county_name": "Hillsborough", "postal_code": "33609", "street_name": "ROYAL PALM", "country_code": "US", "street_number": "417", "request_identifier": "1829203LA000027000090A", "street_suffix_type": "Way", "street_pre_directional_text": "S"}
"bafkreibuqqfn355ijqkoasgpqgmytqr3h54jr5c455hoj7hf5qee4ylwzi"	{"city_name": "TAMPA", "state_code": "FL", "county_name": "Hillsborough", "postal_code": "33609", "street_name": "BEACH PARK", "country_code": "US", "street_number": "4804", "request_identifier": "1829203LA000006000110A", "street_suffix_type": "Dr", "street_pre_directional_text": "W"}
"bafkreigdp2uftv5wrq6bml6zpuurzdjwx2bigsglzibgksl5x7hgdvnczq"	{"city_name": "TAMPA", "state_code": "FL", "county_name": "Hillsborough", "postal_code": "33609", "street_name": "BEACH HAVEN", "country_code": "US", "street_number": "122", "request_identifier": "18292087I000011001220A", "street_suffix_type": "Ln"}
"bafkreigcqecxwsnntbfiqa5akj4ncd4rzd4epqf4uhlnrhkaujbrt2rwc4"	{"city_name": "TAMPA", "state_code": "FL", "county_name": "Hillsborough", "postal_code": "33609", "country_code": "US", "request_identifier": "1829203KW000002003090A"}
"bafkreiedcyjxcw7oeoamhbtw3n66shqbecy44m4y7neoe5swxyvx372tgi"	{"city_name": "ODESSA", "state_code": "FL", "county_name": "Hillsborough", "postal_code": "33556", "street_name": "MANOR HOUSE", "country_code": "US", "street_number": "11181", "request_identifier": "172728D4J000000001120U", "street_suffix_type": "Ln"}
"bafkreiegzn3nqzyfvnkdolncv3ekh2vjldlsgmwc4dc7oeoo6pb2pr4jem"	{"city_name": "TAMPA", "state_code": "FL", "county_name": "Hillsborough", "postal_code": "33618", "street_name": "LAKE HEATHER", "country_code": "US", "street_number": "16516", "request_identifier": "1827270OC000001000190U", "street_suffix_type": "Dr"}
"bafkreif5o72qzczewgeclephhgcapgl5s32a5mkrxf26ycet4gjnyhrmjm"	{"city_name": "TAMPA", "state_code": "FL", "county_name": "Hillsborough", "postal_code": "33635", "street_name": "BRANCH MOORING", "country_code": "US", "street_number": "11638", "request_identifier": "17282107B000002000030U", "street_suffix_type": "Dr"}
"bafkreiardjnnux6krlmqjiwijrvfp56rwkzw52wzhwjykw4plomp4bzaiq"	{"city_name": "TAMPA", "state_code": "FL", "county_name": "Hillsborough", "postal_code": "33618", "street_name": "LAKE HEATHER", "country_code": "US", "street_number": "16610", "request_identifier": "1827270OC000001000340U", "street_suffix_type": "Dr"}
"bafkreifg6f6r5ejtuhfknmksmg5ppsgv7lmkkpllnyuxdr6sksc65nlsda"	{"city_name": "TAMPA", "state_code": "FL", "county_name": "Hillsborough", "postal_code": "33618", "street_name": "HEATHERWOOD", "country_code": "US", "street_number": "2707", "request_identifier": "1827270OC000001000380U", "street_suffix_type": "Dr"}
"bafkreia6qwr7llzurgfm6cvcfaonk3rtozo2lmlkueijxn6szq336rgvj4"	{"city_name": "TAMPA", "state_code": "FL", "county_name": "Hillsborough", "postal_code": "33609", "country_code": "US", "request_identifier": "1829203KVK00000001070A"}
"bafkreicrxrp2ep4axdrunyihmlhb4rtqh677ixrvpvppxtqnyglzzbb3oy"	{"city_name": "TAMPA", "state_code": "FL", "county_name": "Hillsborough", "postal_code": "33609", "street_name": "GRAND BEACH", "country_code": "US", "street_number": "111", "request_identifier": "18292087I000013001110A", "street_suffix_type": "Pl"}
"bafkreihwx5zluilz4a7u5vpdwfa3sgz4ar2frb7tebs7zntoztrhixbmmi"	{"city_name": "TAMPA", "state_code": "FL", "county_name": "Hillsborough", "postal_code": "33609", "street_name": "GRADY", "country_code": "US", "street_number": "115", "request_identifier": "1829213LV000001000170A", "street_suffix_type": "Ave", "street_pre_directional_text": "S"}
"bafkreigjks2tmysettkjavnvpclerogv77wwxbjq5tpaknqnh6niblf344"	{"city_name": "TAMPA", "state_code": "FL", "county_name": "Hillsborough", "postal_code": "33618", "street_name": "BELLA CASA", "country_code": "US", "street_number": "1808", "request_identifier": "18272690B000000000150U", "street_suffix_type": "Ct"}
"bafkreicou5mbyflwwqvc4glqmgyn67mv2droaacm6mfkwigajjha7omggq"	{"city_name": "LUTZ", "state_code": "FL", "county_name": "Hillsborough", "postal_code": "33548", "street_name": "FLORIDA", "country_code": "US", "street_number": "16102", "request_identifier": "182725ZZZ000000654700U", "street_suffix_type": "Ave", "street_pre_directional_text": "N"}
"bafkreiaaen3jec4ghexxs5gw5err3luaesmqjcwa5q6sl2ttlscg72aamy"	{"city_name": "TAMPA", "state_code": "FL", "county_name": "Hillsborough", "postal_code": "33609", "street_name": "BEACH PARK", "country_code": "US", "street_number": "4618", "request_identifier": "1829203LA000026000100A", "street_suffix_type": "Dr", "street_pre_directional_text": "W"}
"bafkreichxvn7jzq3orcdcqnyg5xc53jgyxdqwhdqg27ek3t2kxisrepnfe"	{"city_name": "TAMPA", "state_code": "FL", "county_name": "Hillsborough", "postal_code": "33635", "street_name": "COUNTRY WHITE", "country_code": "US", "street_number": "12335", "request_identifier": "1728205X7000024000020U", "street_suffix_type": "Cir"}
"bafkreigfoxddzuxeisubt3j72oqgbe5bszttjhorz4q63bp7vlep6ruu3e"	{"city_name": "TAMPA", "state_code": "FL", "county_name": "Hillsborough", "postal_code": "33618", "street_name": "LAKEVILLE", "country_code": "US", "street_number": "2702", "request_identifier": "1827270OJ000001000140U", "street_suffix_type": "Dr"}
"bafkreib3vigyqiumwiyd2xdwgaxjg4wjkdp2bmiskkl5y6twidkpaydbqa"	{"city_name": "TAMPA", "state_code": "FL", "county_name": "Hillsborough", "postal_code": "33618", "street_name": "VALLELY", "country_code": "US", "street_number": "16637", "request_identifier": "1827270KI000004000220U", "street_suffix_type": "Dr"}
"bafkreicx6ibtoeglvdzo3fqm6ajqldzl562rjwbvpg4npielwx4pa7a6se"	{"city_name": "TAMPA", "state_code": "FL", "county_name": "Hillsborough", "postal_code": "33609", "country_code": "US", "request_identifier": "1829203KW000001003040A"}
"bafkreih3ym4ke7r3d54vnb6vsctovrz44zh4tdikezejvybzryqm7uulbi"	{"city_name": "TAMPA", "state_code": "FL", "county_name": "Hillsborough", "postal_code": "33626", "street_name": "GREENDALE", "country_code": "US", "street_number": "10454", "request_identifier": "17282105Z000009000090U", "street_suffix_type": "Dr"}
"bafkreidlr6ubu75mszq7zf2l3xpogveroodd2asa4yyn55dtryuu2eei6u"	{"city_name": "TAMPA", "state_code": "FL", "county_name": "Hillsborough", "postal_code": "33609", "street_name": "BEACH HAVEN", "country_code": "US", "street_number": "102", "request_identifier": "18292087I000014001020A", "street_suffix_type": "Ln"}
"bafkreidb6mx52gyjd3wemas7qf44vy5wxbolmgxwqul4tqdsxmyjfrj77y"	{"city_name": "TAMPA", "state_code": "FL", "county_name": "Hillsborough", "postal_code": "33635", "street_name": "FLOWING BROOK", "country_code": "US", "street_number": "8601", "request_identifier": "17282107A000002000200U", "street_suffix_type": "Ct"}
"bafkreiadj5cd3fgvyuajesd4hpthjdbgxuem4d2vupg6kq6x35vpopgdvq"	{"city_name": "TAMPA", "state_code": "FL", "county_name": "Hillsborough", "postal_code": "33609", "street_name": "GRAND BEACH", "country_code": "US", "street_number": "123", "request_identifier": "18292087I000013001230A", "street_suffix_type": "Pl"}
"bafkreid2tbevmramzl3pff5fj3bk744t7k6oov2fumlmfb5jk3pq6nmwxy"	{"city_name": "TAMPA", "state_code": "FL", "county_name": "Hillsborough", "postal_code": "33618", "street_name": "ROUND OAK", "country_code": "US", "street_number": "16503", "request_identifier": "1827270OP000001000850U", "street_suffix_type": "Dr"}
"bafkreibdbyikxpwb4p4tmtsbv6j2wzbyzmojuhsr6b4vbqy64qxyq3vcce"	{"city_name": "TAMPA", "state_code": "FL", "county_name": "Hillsborough", "postal_code": "33609", "street_name": "BEACH PARK", "country_code": "US", "street_number": "4501", "request_identifier": "1829203LA000034000180A", "street_suffix_type": "Dr", "street_pre_directional_text": "W"}
"bafkreibrbewbw7ge2wxhtzzxvxquuwsg7ylx34iia5lzl4yzd3x24i2t4u"	{"city_name": "TAMPA", "state_code": "FL", "county_name": "Hillsborough", "postal_code": "33609", "country_code": "US", "request_identifier": "1829209XI000000000010A"}
"bafkreih3gq5ccbrzq4f7bpsvngdf56joyqfw34r5mrhbr776ulrluk5fre"	{"city_name": "TAMPA", "state_code": "FL", "county_name": "Hillsborough", "postal_code": "33609", "street_name": "BEACH PARK", "country_code": "US", "street_number": "4604", "request_identifier": "1829203LA000026000060A", "street_suffix_type": "Dr", "street_pre_directional_text": "W"}
"bafkreib3b36kngdmf6dfmgxhahv6y5xtc2lljo2ytzacxdtra4ogyf4dou"	{"city_name": "TAMPA", "state_code": "FL", "county_name": "Hillsborough", "postal_code": "33609", "street_name": "GRADY", "country_code": "US", "street_number": "111", "request_identifier": "1829213LV000001000140A", "street_suffix_type": "Ave", "street_pre_directional_text": "S"}
"bafkreigrsh37hqxbckvngamuin44u4mhn5vfr4gg4gh4hbbdyvcclz3g6e"	{"city_name": "TAMPA", "state_code": "FL", "county_name": "Hillsborough", "postal_code": "33613", "street_name": "AVILA", "country_code": "US", "street_number": "16312", "request_identifier": "1827260N7000004000080U", "street_suffix_type": "Blvd"}
"bafkreiakitqate6q2pmegfqmbvoya4dpwnpka6wn3ev534q4s3herlewhi"	{"city_name": "ODESSA", "state_code": "FL", "county_name": "Hillsborough", "postal_code": "33556", "street_name": "PINE VALLEY", "country_code": "US", "street_number": "19506", "request_identifier": "172702006000003000070U", "street_suffix_type": "Dr"}
"bafkreibcivlksza62kez46fv7xya5vu62z5b6sfxgzmepsm5sogwyuexma"	{"city_name": "TAMPA", "state_code": "FL", "county_name": "Hillsborough", "postal_code": "33618", "street_name": "SADDLE CREEK", "country_code": "US", "street_number": "16004", "request_identifier": "1827270OI000012000140U", "street_suffix_type": "Dr"}
"bafkreifoqibd7sihx5ivodfxiuem7c7tojzmoergrgkhdww5ohesohtmti"	{"city_name": "TAMPA", "state_code": "FL", "county_name": "Hillsborough", "postal_code": "33609", "street_name": "KENNEDY", "country_code": "US", "street_number": "4238", "request_identifier": "1829213M3000000000102A", "street_suffix_type": "Blvd", "street_pre_directional_text": "W"}
"bafkreic4vpuoxyllxnuc6xp6r7co3wijv3k34fdols5u4ftilomiw66yla"	{"city_name": "TAMPA", "state_code": "FL", "county_name": "Hillsborough", "postal_code": "33626", "street_name": "STAGHORN", "country_code": "US", "street_number": "13705", "request_identifier": "172803043B00000000390U", "street_suffix_type": "Rd"}
"bafkreiabic2374i74f3xrjly32ejgk3zela62mndmhft3k5etli4rw2jwe"	{"city_name": "ODESSA", "state_code": "FL", "county_name": "Hillsborough", "postal_code": "33556", "street_name": "ROYAL GEORGE", "country_code": "US", "street_number": "12838", "request_identifier": "172730029C00000000310U", "street_suffix_type": "Ave"}
"bafkreiha6a3267x3upawgvpd2boyqbtobstvdnmke6nsfken2uzmmlvpjm"	{"city_name": "TAMPA", "state_code": "FL", "county_name": "Hillsborough", "postal_code": "33618", "street_name": "SANDSPUR", "country_code": "US", "street_number": "3208", "request_identifier": "1827270OD000004000140U", "street_suffix_type": "Dr"}
"bafkreicjjti5ku6flldtldl7eq4iduh7mx3ezfdu7sgjvrf74wq3guc7q4"	{"city_name": "TAMPA", "state_code": "FL", "county_name": "Hillsborough", "postal_code": "33626", "street_name": "EXPOSITION", "country_code": "US", "street_number": "8901", "request_identifier": "17280304I000001000400U", "street_suffix_type": "Dr"}
"bafkreib3h63h6xdtrsfc4jfnifso324lfub7jzilhbwjdfjs5bxuaffhai"	{"city_name": "TAMPA", "state_code": "FL", "county_name": "Hillsborough", "postal_code": "33609", "country_code": "US", "request_identifier": "1829203KW000004002100A"}
"bafkreidvxmbwvv4fmv7faiqgw7jyypbvjlnt4m35qv2rxv4r52r5qzjtge"	{"city_name": "TAMPA", "state_code": "FL", "county_name": "Hillsborough", "postal_code": "33609", "street_name": "THE RIVIERA", "country_code": "US", "street_number": "5010", "request_identifier": "1829203LA000017000050A", "street_suffix_type": "St", "street_pre_directional_text": "S"}
"bafkreia5py2z3ob55kqsdw44gt7nijp67esqsmguwmxv3v23cxaknmqcpu"	{"city_name": "TAMPA", "state_code": "FL", "county_name": "Hillsborough", "postal_code": "33609", "street_name": "ROYAL PALM", "country_code": "US", "street_number": "405", "request_identifier": "1829203LA000028000210A", "street_suffix_type": "Way", "street_pre_directional_text": "S"}
"bafkreiezjrmq7m6uxhhalc7qwnihcnqwcnlcmup4uunbvk42o6ih6v2lca"	{"city_name": "TAMPA", "state_code": "FL", "county_name": "Hillsborough", "postal_code": "33609", "street_name": "WOODMERE", "country_code": "US", "street_number": "4209", "request_identifier": "1829213LA000049000090A", "street_suffix_type": "Rd", "street_pre_directional_text": "W"}
"bafkreifvpaghliwu6e5jyym57s5j2ruujbgmnlnafqxzegrimp4zabrkme"	{"city_name": "TAMPA", "state_code": "FL", "county_name": "Hillsborough", "postal_code": "33635", "street_name": "PALM PASTURE", "country_code": "US", "street_number": "11404", "request_identifier": "17282106Z000001000090U", "street_suffix_type": "Dr"}
"bafkreiapmdtdkppqweclvephwqeo6s22i2nxxjy6evrriwrit7myt6ccxi"	{"city_name": "TAMPA", "state_code": "FL", "county_name": "Hillsborough", "postal_code": "33609", "street_name": "BEACH BREEZE", "country_code": "US", "street_number": "5217", "request_identifier": "18292087I000016052170A", "street_suffix_type": "Ct"}
"bafkreidlwlozq7b2avj266xrufokmzcavnwirku3fdxxvgpha7qfajasvm"	{"city_name": "TAMPA", "state_code": "FL", "county_name": "Hillsborough", "postal_code": "33609", "street_name": "MANHATTAN", "country_code": "US", "street_number": "107", "request_identifier": "1829203KX000001000270A", "street_suffix_type": "Ave", "street_pre_directional_text": "S"}
"bafkreiel7s57xwb6gybqak6hortqyxoohuwvh5f7jjl2yaj5rz5zfrzvfa"	{"city_name": "TAMPA", "state_code": "FL", "county_name": "Hillsborough", "postal_code": "33618", "street_name": "LAKEVILLE", "country_code": "US", "street_number": "2724", "request_identifier": "1827270OJ000001000250U", "street_suffix_type": "Dr"}
"bafkreiemfrcbrhqfkbficua6e5h6n3swikgobkm7wp4cz6nnnnmwfc7xla"	{"city_name": "TAMPA", "state_code": "FL", "county_name": "Hillsborough", "postal_code": "33635", "street_name": "BRANCH MOORING", "country_code": "US", "street_number": "11722", "request_identifier": "17282107B000001000060U", "street_suffix_type": "Dr"}
"bafkreieyfnauh6lt5kvjra3zkk3cehpb3cnmido5fl63j2hrvqxuy5o3xa"	{"city_name": "TAMPA", "state_code": "FL", "county_name": "Hillsborough", "postal_code": "33609", "street_name": "BEACH BREEZE", "country_code": "US", "street_number": "5213", "request_identifier": "18292087I000016052130A", "street_suffix_type": "Ct"}
"bafkreifpydkig3snjvnlmt2lzgcolyznqp2speaeyxnrpnw26i6bibbhty"	{"city_name": "TAMPA", "state_code": "FL", "county_name": "Hillsborough", "postal_code": "33609", "street_name": "SHORE CREST", "country_code": "US", "street_number": "301", "request_identifier": "1829203LA000013000010A", "street_suffix_type": "Dr", "street_pre_directional_text": "S"}
"bafkreieizhshn64wudykf3kovebur5szilndt52siknto3ag3uqp6kvnrq"	{"city_name": "TAMPA", "state_code": "FL", "county_name": "Hillsborough", "postal_code": "33609", "street_name": "DALE", "country_code": "US", "street_number": "4515", "request_identifier": "1829203LA000032000240A", "street_suffix_type": "Ave", "street_pre_directional_text": "W"}
"bafkreidugcn63uf52jx7caf33zxtn2p75mkww5ijhr3rxzt2ajx4jms6zq"	{"city_name": "TAMPA", "state_code": "FL", "county_name": "Hillsborough", "postal_code": "33609", "street_name": "ROYAL POINCIANA", "country_code": "US", "street_number": "418", "request_identifier": "1829203LA000016000030A", "street_suffix_type": "Dr", "street_pre_directional_text": "S"}
"bafkreihmbgmgi6fnbp5ocbbjsvn3obm5df6hxgcwih65hemgt5efsh3thy"	{"city_name": "TAMPA", "state_code": "FL", "county_name": "Hillsborough", "postal_code": "33609", "street_name": "HALE", "country_code": "US", "street_number": "219", "request_identifier": "1829213LV000003000100A", "street_suffix_type": "Ave", "street_pre_directional_text": "S"}
"bafkreibhcbohr257t5ej4gnkbbgh4nnpwy2erlv4obzakbygcnmch752ee"	{"city_name": "TAMPA", "state_code": "FL", "county_name": "Hillsborough", "postal_code": "33609", "country_code": "US", "request_identifier": "1829209K0000000000030A"}
"bafkreidupxb5rja36bywbfvrx2bsnt4llcho4a6fz4ajqkw3pg2fiu6mfi"	{"city_name": "TAMPA", "state_code": "FL", "county_name": "Hillsborough", "postal_code": "33618", "street_name": "GRASS LAKE", "country_code": "US", "street_number": "16004", "request_identifier": "1827270OF000006001630U", "street_suffix_type": "Dr"}
"bafkreihe7ysbbh7nzcnj4iqltwd4s4d7yfayw44y62gwwslt3w77b25uqy"	{"city_name": "LUTZ", "state_code": "FL", "county_name": "Hillsborough", "postal_code": "33549", "street_name": "NEBRASKA", "country_code": "US", "street_number": "16520", "request_identifier": "18272562W000000000020U", "street_suffix_type": "Ave", "street_pre_directional_text": "N"}
"bafkreie5unq6w3fv2thj5zvly3js5kaj7hof2qs4zul22mvtpl4lo4ytoa"	{"city_name": "TAMPA", "state_code": "FL", "county_name": "Hillsborough", "postal_code": "33609", "street_name": "AZEELE", "country_code": "US", "street_number": "3820", "request_identifier": "1829213M1000000C00000A", "street_suffix_type": "St", "street_pre_directional_text": "W"}
"bafkreibry6mbgkvxa7vgfipmjse5zsdnso6dfuqtgwmkin5dbvazjftbva"	{"city_name": "TAMPA", "state_code": "FL", "county_name": "Hillsborough", "postal_code": "33609", "street_name": "SHORE CREST", "country_code": "US", "street_number": "215", "request_identifier": "1829203LA000010000080A", "street_suffix_type": "Dr", "street_pre_directional_text": "S"}
"bafkreidooicgh7i3nu6jh3s57pzlyb6ghh7co57lqoc7pos36ibnkhxsr4"	{"city_name": "TAMPA", "state_code": "FL", "county_name": "Hillsborough", "postal_code": "33618", "street_name": "SADDLE CREEK", "country_code": "US", "street_number": "16008", "request_identifier": "1827270OI000012000160U", "street_suffix_type": "Dr"}
"bafkreidmo7ivrtwbkncx3va7oioqyaaoc7or4eymcngtvnsdrydn7whhba"	{"city_name": "TAMPA", "state_code": "FL", "county_name": "Hillsborough", "postal_code": "33609", "street_name": "DALE", "country_code": "US", "street_number": "4519", "request_identifier": "1829203LA000032000220A", "street_suffix_type": "Ave", "street_pre_directional_text": "W"}
"bafkreic3o5xtf2wfldel4nsw7nl5sqiv2b65niyl6qmythgfde3jxm552y"	{"city_name": "TAMPA", "state_code": "FL", "county_name": "Hillsborough", "postal_code": "33618", "street_name": "RED MULBERRY", "country_code": "US", "street_number": "3308", "request_identifier": "1827270OC000001000650U", "street_suffix_type": "Ct"}
"bafkreicvdktvszgocwdhbgoynyg7iqdfubin5sasidqjgkynubsddh24vi"	{"city_name": "TAMPA", "state_code": "FL", "county_name": "Hillsborough", "postal_code": "33609", "country_code": "US", "request_identifier": "1829203KW000002003040A"}
"bafkreienpvmoldat2kxazpbq5pbd4thz75ymxgbtzzltgkslmjeajilklq"	{"city_name": "TAMPA", "state_code": "FL", "county_name": "Hillsborough", "postal_code": "33609", "street_name": "FAIRMONT BEACH", "country_code": "US", "street_number": "103", "request_identifier": "18292087I000016001030A", "street_suffix_type": "Ct"}
"bafkreigqvtgjdfivjxbhyln2vercnstndpirndwr3b3qx4fsfdwyv5ldry"	{"city_name": "ODESSA", "state_code": "FL", "county_name": "Hillsborough", "postal_code": "33556", "street_name": "RED CARDINAL", "country_code": "US", "street_number": "12918", "request_identifier": "172730028C00000000230U", "street_suffix_type": "Dr"}
"bafkreigqaixs36ctee2nkyb4azms3gcfoswgsz6w3n32p6lb6ari2dbvpi"	{"city_name": "TAMPA", "state_code": "FL", "county_name": "Hillsborough", "postal_code": "33609", "street_name": "ROYAL POINCIANA", "country_code": "US", "street_number": "419", "request_identifier": "1829203LA000015000010A", "street_suffix_type": "Dr", "street_pre_directional_text": "S"}
"bafkreihtbngvfrkekusqimfi4uqhw37sd4bt6bjv2aia33qfvavlixpjym"	{"city_name": "TAMPA", "state_code": "FL", "county_name": "Hillsborough", "postal_code": "33609", "country_code": "US", "request_identifier": "1829203KW000004001040A"}
"bafkreic3k2bbkwsijcfw2gpvhgslctdhf3nyamfmyhtpn7pxs4ac5ugvvy"	{"city_name": "TAMPA", "state_code": "FL", "county_name": "Hillsborough", "postal_code": "33618", "street_name": "BELLA CASA", "country_code": "US", "street_number": "1811", "request_identifier": "18272690B000000000070U", "street_suffix_type": "Ct"}
"bafkreigx2f4rixj6x7jowivrc5ay2vqw6455bbnss4uauwzkqcvdvzm2hu"	{"city_name": "TAMPA", "state_code": "FL", "county_name": "Hillsborough", "postal_code": "33618", "street_name": "GRASS LAKE", "country_code": "US", "street_number": "16011", "request_identifier": "1827270OF000006001700U", "street_suffix_type": "Dr"}
"bafkreih4cv5q2ywxq237shgjshd2m3lvldvoa7jafasgjsbkcdhlrsbnn4"	{"city_name": "TAMPA", "state_code": "FL", "county_name": "Hillsborough", "postal_code": "33609", "country_code": "US", "request_identifier": "182920B0M000000000050A"}
"bafkreieh3dfzhtwcrtelnhjhauatc5vgmoc3xcl3ghchs3mo7dfvfqmqcm"	{"city_name": "TAMPA", "state_code": "FL", "county_name": "Hillsborough", "postal_code": "33626", "street_name": "STAGHORN", "country_code": "US", "street_number": "13459", "request_identifier": "1728035S4D00000000080U", "street_suffix_type": "Rd"}
"bafkreib4b6gp673x5vljghq6niealyknntbpkrtkfvilsqfnjlalfadvlu"	{"city_name": "TAMPA", "state_code": "FL", "county_name": "Hillsborough", "postal_code": "33609", "street_name": "DALE", "country_code": "US", "street_number": "4415", "request_identifier": "1829203LA000033000110A", "street_suffix_type": "Ave", "street_pre_directional_text": "W"}
"bafkreid4nm7s3qblpeaawip7tljecqb74euyngpgsgnrku36v6u4r5luta"	{"city_name": "ODESSA", "state_code": "FL", "county_name": "Hillsborough", "postal_code": "33556", "street_name": "ECHO LAKE", "country_code": "US", "street_number": "10612", "request_identifier": "172728672000002000100U", "street_suffix_type": "Dr"}
"bafkreihr4kfs2ccsnltvvc7soi3oetisfzgc7mw6xkdksz6rt2mbq34ikq"	{"city_name": "TAMPA", "state_code": "FL", "county_name": "Hillsborough", "postal_code": "33609", "street_name": "NEPTUNE", "country_code": "US", "street_number": "5110", "request_identifier": "1829203LA000015000021A", "street_suffix_type": "Way", "street_pre_directional_text": "W"}
"bafkreihakysbferaf2zrzu6vmyyls2xhhxz2mzxdgths6hp3ri6wnq3tky"	{"city_name": "ODESSA", "state_code": "FL", "county_name": "Hillsborough", "postal_code": "33556", "street_name": "ECHO LAKE", "country_code": "US", "street_number": "10607", "request_identifier": "1727285Z0000003000011U", "street_suffix_type": "Dr"}
"bafkreidac7ydmdsweyrvs6qfibpxwjiham5m7r6msqvf7q4aoicwxejw7m"	{"city_name": "TAMPA", "state_code": "FL", "county_name": "Hillsborough", "postal_code": "33635", "street_name": "VISTA POINTE", "country_code": "US", "street_number": "10133", "request_identifier": "17282107GB00000000150U", "street_suffix_type": "Dr"}
"bafkreih2k6bsplq72fin7rkjpywe6yutd5nr67bzh3xnccuis5jwxwgwlu"	{"city_name": "TAMPA", "state_code": "FL", "county_name": "Hillsborough", "postal_code": "33609", "street_name": "ROYAL POINCIANA", "country_code": "US", "street_number": "421", "request_identifier": "1829203LA000015000130A", "street_suffix_type": "Dr", "street_pre_directional_text": "S"}
"bafkreihrj7k3qq6yza56emtamu56s4tg4xkpo5xkh5ja3enlepdkngbm3y"	{"city_name": "TAMPA", "state_code": "FL", "county_name": "Hillsborough", "postal_code": "33609", "country_code": "US", "request_identifier": "1829209XI000000000040A"}
"bafkreidqygmf7do7yfcsp4lf4wtugt6auajcjfwwuuemzpg7ofvdkaq4ue"	{"city_name": "TAMPA", "state_code": "FL", "county_name": "Hillsborough", "postal_code": "33625", "street_name": "COLONIAL VILLAGE", "country_code": "US", "street_number": "8134", "request_identifier": "172802ZZZ000000261200U", "street_suffix_type": "Dr"}
"bafkreid6xusslg2i5mzjhsz2qehvfi3pi7x3e7qiu6oofbrdx635ml5v4i"	{"city_name": "ODESSA", "state_code": "FL", "county_name": "Hillsborough", "postal_code": "33556", "street_name": "BIRKDALE", "country_code": "US", "street_number": "16405", "request_identifier": "172730026000000000400U", "street_suffix_type": "Dr"}
"bafkreigdav6gg3u7bq7geteo4wpxdy2gq2hpyu4dngqddewcflsqf3kfgq"	{"city_name": "TAMPA", "state_code": "FL", "county_name": "Hillsborough", "postal_code": "33626", "street_name": "SOUTH MOBLEY", "country_code": "US", "street_number": "8810", "request_identifier": "172802ZZZ000000260200U", "street_suffix_type": "Rd"}
"bafkreigyxin2wpagubkpc6pubeav34peijtlxhe3duzzfkkyg4yce2r26u"	{"city_name": "TAMPA", "state_code": "FL", "county_name": "Hillsborough", "postal_code": "33609", "street_name": "ROYAL PALM", "country_code": "US", "street_number": "416", "request_identifier": "1829203LA000034000140A", "street_suffix_type": "Way", "street_pre_directional_text": "S"}
"bafkreiceonc4lgcojrx22i5cyzvcyacvonaukjl4kkvsni3crkiyckcc2i"	{"city_name": "TAMPA", "state_code": "FL", "county_name": "Hillsborough", "postal_code": "33609", "street_name": "TRASK", "country_code": "US", "street_number": "415", "request_identifier": "182920A4X000000000020A", "street_suffix_type": "St", "street_pre_directional_text": "N"}
"bafkreihsicx5cauklhrqv2edwvxocab47vvihi6drir4orzbr5seb2ukvy"	{"city_name": "TAMPA", "state_code": "FL", "county_name": "Hillsborough", "postal_code": "33609", "street_name": "WEST SHORE", "country_code": "US", "street_number": "708", "request_identifier": "1829203LA000024000070A", "street_suffix_type": "Blvd", "street_pre_directional_text": "S"}
"bafkreihxprsxn64innlzji2o3ynimrk4btu6lbaoqgjwrcfotqjzy2jbji"	{"city_name": "TAMPA", "state_code": "FL", "county_name": "Hillsborough", "postal_code": "33635", "street_name": "COUNTRY WHITE", "country_code": "US", "street_number": "12225", "request_identifier": "1728205X7000029000060U", "street_suffix_type": "Cir"}
"bafkreideneqorrdoux353b5fn5yrfk5a6zvdy4zqrkvuh2i3j2er25w65y"	{"city_name": "TAMPA", "state_code": "FL", "county_name": "Hillsborough", "postal_code": "33613", "street_name": "GUISANDO DE AVILA", "country_code": "US", "street_number": "921", "request_identifier": "1827260N7000008000002U", "street_suffix_type": "St"}
"bafkreidspmmtunydsjlbz3wew5cv24o372ddndnxbl7cay523epcratvd4"	{"city_name": "TAMPA", "state_code": "FL", "county_name": "Hillsborough", "postal_code": "33635", "street_name": "MAPLE LAKE", "country_code": "US", "street_number": "8704", "request_identifier": "17282107CA00000000040U", "street_suffix_type": "Pl"}
"bafkreigvohzuy5oweskh7avay6rgr2t3732omhjsdelipurtqksyxegjiy"	{"city_name": "ODESSA", "state_code": "FL", "county_name": "Hillsborough", "postal_code": "33556", "street_name": "MANOR HOUSE", "country_code": "US", "street_number": "11449", "request_identifier": "172729D4J000000001770U", "street_suffix_type": "Ln"}
"bafkreibwo3tm2jko5qvqjjdabotphnsnpegy6jg24ae6oql5mm2y5wbdeq"	{"city_name": "TAMPA", "state_code": "FL", "county_name": "Hillsborough", "postal_code": "33609", "street_name": "TRASK", "country_code": "US", "street_number": "505", "request_identifier": "182920A6B000000000020A", "street_suffix_type": "St", "street_pre_directional_text": "N"}
"bafkreideoovuxlo3aih6dnoojkepcqzgo3cadmgwgfaxdfrzm6ku5oc4uq"	{"city_name": "TAMPA", "state_code": "FL", "county_name": "Hillsborough", "postal_code": "33609", "country_code": "US", "request_identifier": "1829213M1000000002020A"}
"bafkreigegmvs6pmvxlx5ngenb3pqmnwgrv4e5livqyonpcctbpxlbhp6yq"	{"city_name": "TAMPA", "state_code": "FL", "county_name": "Hillsborough", "postal_code": "33618", "street_name": "SPLITLOG", "country_code": "US", "street_number": "16019", "request_identifier": "1827270OI000011000030U", "street_suffix_type": "Dr"}
"bafkreien767velnsmgmgssz3geafjnpycx4dsfwpa6lejkbjboarztztsm"	{"city_name": "TAMPA", "state_code": "FL", "county_name": "Hillsborough", "postal_code": "33609", "country_code": "US", "request_identifier": "1829203KW000004001030A"}
"bafkreie3vp2fnmh54yczr7k6plrcaoe3kllpolwxt44bwsblbz6z5ntyku"	{"city_name": "TAMPA", "state_code": "FL", "county_name": "Hillsborough", "postal_code": "33609", "country_code": "US", "request_identifier": "182920B0M000000000010A"}
"bafkreig5zso7vmesf32jfqeqenyv26lbfg2yrto3b24kieev3bejajfdza"	{"city_name": "TAMPA", "state_code": "FL", "county_name": "Hillsborough", "postal_code": "33609", "street_name": "DALE MABRY", "country_code": "US", "street_number": "401", "request_identifier": "1829213M0000011A00000A", "street_suffix_type": "Hwy", "street_pre_directional_text": "S"}
"bafkreibzmf764p7snwjxmfv3jqlyubxcpwfon5v33vlsq6z7ro2ksibveu"	{"city_name": "TAMPA", "state_code": "FL", "county_name": "Hillsborough", "postal_code": "33635", "street_name": "GLENMONT", "country_code": "US", "street_number": "11531", "request_identifier": "17282107D000001000160U", "street_suffix_type": "Dr"}
"bafkreig6lcox7ouxkmiw3bjgf5ushzzmixjvsvcqwlzs7dvhqewmb6fxja"	{"city_name": "TAMPA", "state_code": "FL", "county_name": "Hillsborough", "postal_code": "33618", "street_name": "LAKE HEATHER", "country_code": "US", "street_number": "16410", "request_identifier": "1827270OC000001000050U", "street_suffix_type": "Dr"}
"bafkreieue2dp54uptfnoyl5epie6pkgpeosgcx43yjz4oduoowdfgqfb5y"	{"city_name": "TAMPA", "state_code": "FL", "county_name": "Hillsborough", "postal_code": "33618", "street_name": "GRASS LAKE", "country_code": "US", "street_number": "16051", "request_identifier": "1827270OF000006001900U", "street_suffix_type": "Dr"}
"bafkreiekbs2aglyp2ftukyr3b3nckai3rxqkhwhha4os2lphqq7d4ljejy"	{"city_name": "ODESSA", "state_code": "FL", "county_name": "Hillsborough", "postal_code": "33556", "street_name": "ANGEL", "country_code": "US", "street_number": "19618", "request_identifier": "17270172B000000000010U", "street_suffix_type": "Ln"}
"bafkreiayusafpotq5tox2dxheqk52rvsynzjq74j3tb2vun7ctnmba43vu"	{"city_name": "TAMPA", "state_code": "FL", "county_name": "Hillsborough", "postal_code": "33609", "street_name": "SWANN", "country_code": "US", "street_number": "4419", "request_identifier": "1829203LA000036000140A", "street_suffix_type": "Cir", "street_pre_directional_text": "N"}
"bafkreiaeatwyu5jpbixpa2ddoarp67dr66snk7ssklcpgb6ao7ggqwhwsy"	{"city_name": "TAMPA", "state_code": "FL", "county_name": "Hillsborough", "postal_code": "33609", "street_name": "AZEELE", "country_code": "US", "street_number": "4528", "request_identifier": "1829203LA000032000151A", "street_suffix_type": "St", "street_pre_directional_text": "W"}
"bafkreidbdrlp2gb3enrt2jggbxkoabsoxlz5lo4wl2mecyqzmnhtenimau"	{"city_name": "TAMPA", "state_code": "FL", "county_name": "Hillsborough", "postal_code": "33609", "street_name": "WOODMERE", "country_code": "US", "street_number": "4314", "request_identifier": "1829213LA000047000060A", "street_suffix_type": "Rd", "street_pre_directional_text": "W"}
"bafkreif3fy4riotxawgfnctsvfpqdi4iuxsrp5wstssa5nhrowqwv5ch34"	{"city_name": "TAMPA", "state_code": "FL", "county_name": "Hillsborough", "postal_code": "33609", "street_name": "KENNEDY", "country_code": "US", "street_number": "3936", "request_identifier": "1829213M3000000000044A", "street_suffix_type": "Blvd", "street_pre_directional_text": "W"}
"bafkreigx2ahzzlakbfv5esjapcp34grtbwvtdbckts53cqwtwiygsvjhom"	{"city_name": "TAMPA", "state_code": "FL", "county_name": "Hillsborough", "postal_code": "33609", "street_name": "BEACH PARK", "country_code": "US", "street_number": "4308", "request_identifier": "1829213LA000046000040A", "street_suffix_type": "Dr", "street_pre_directional_text": "W"}
"bafkreidcyfpe23kw6yzmkg67hzreph6vdgccuzym2qf5hymbx4p57cfnlu"	{"city_name": "TAMPA", "state_code": "FL", "county_name": "Hillsborough", "postal_code": "33635", "street_name": "GLENMONT", "country_code": "US", "street_number": "11537", "request_identifier": "17282107D000001000190U", "street_suffix_type": "Dr"}
"bafkreihe4pm27db627aca6sljeset3t7m2stcfksostahmklcozw5oqx2y"	{"city_name": "TAMPA", "state_code": "FL", "county_name": "Hillsborough", "postal_code": "33609", "street_name": "TREASURE", "country_code": "US", "street_number": "24", "request_identifier": "1829203LC000005000060A", "street_suffix_type": "Dr", "street_pre_directional_text": "S"}
"bafkreihkagjdhtyiuqx22igc7wn7kymvge6plesudzbcyvh3kvpwgk7krm"	{"city_name": "TAMPA", "state_code": "FL", "county_name": "Hillsborough", "postal_code": "33609", "street_name": "DALE", "country_code": "US", "street_number": "4420", "request_identifier": "1829203LA000035000080A", "street_suffix_type": "Ave", "street_pre_directional_text": "W"}
"bafkreifzgzj73sftfyafu3cfhjq74vsp5hl24fy7bz2vg5uygc64oxfv5m"	{"city_name": "TAMPA", "state_code": "FL", "county_name": "Hillsborough", "postal_code": "33609", "street_name": "KENNEDY", "country_code": "US", "street_number": "3810", "request_identifier": "1829213M3000000000011A", "street_suffix_type": "Blvd", "street_pre_directional_text": "W"}
"bafkreib4jrrnf7wfudhcxpthjhwrw67ktdgdtduz6v6cnoqvljgigt4qzu"	{"city_name": "TAMPA", "state_code": "FL", "county_name": "Hillsborough", "postal_code": "33609", "street_name": "MANHATTAN", "country_code": "US", "street_number": "212", "request_identifier": "1829213M3000000000132A", "street_suffix_type": "Ave", "street_pre_directional_text": "S"}
"bafkreievze5d5pn3vdmx42bva47k64sub3phhejyfkrvtukmlyaqvehzjq"	{"city_name": "TAMPA", "state_code": "FL", "county_name": "Hillsborough", "postal_code": "33609", "country_code": "US", "request_identifier": "1829203KW000004003080A"}
"bafkreigqlvwzgi7gbbqpc7cgr53hngohgg6g7qqcsgdxlrvkprpnglktja"	{"city_name": "TAMPA", "state_code": "FL", "county_name": "Hillsborough", "postal_code": "33609", "street_name": "FIG", "country_code": "US", "street_number": "4423", "request_identifier": "1829205Q7000000044230A", "street_suffix_type": "St", "street_pre_directional_text": "W"}
"bafkreihlez2gsascjoedorb4pl7vl3so3rorxa7xbxevyrk7zawtt3ub4m"	{"city_name": "TAMPA", "state_code": "FL", "county_name": "Hillsborough", "postal_code": "33609", "street_name": "WOODMERE", "country_code": "US", "street_number": "4306", "request_identifier": "1829213LA000047000020A", "street_suffix_type": "Rd", "street_pre_directional_text": "W"}
"bafkreifqf54a5323cmfwsnkahipx3expgab457yf62shkqz7vzimmcgez4"	{"city_name": "TAMPA", "state_code": "FL", "county_name": "Hillsborough", "postal_code": "33635", "street_name": "BRANCH MOORING", "country_code": "US", "street_number": "11641", "request_identifier": "17282107B000003000080U", "street_suffix_type": "Dr"}
"bafkreihsje55wjwn4uducgc2xq62lt53g3xzgrwtvmde2pboazbr4qlgre"	{"city_name": "TAMPA", "state_code": "FL", "county_name": "Hillsborough", "postal_code": "33618", "street_name": "SANDCREST", "country_code": "US", "street_number": "16137", "request_identifier": "1827270OE000006000580U", "street_suffix_type": "Way"}
"bafkreifevoevw473gi6kx5qwmmymbyrks46qf5h4ohmvs4qguliwnyapuq"	{"city_name": "TAMPA", "state_code": "FL", "county_name": "Hillsborough", "postal_code": "33609", "street_name": "AZEELE", "country_code": "US", "street_number": "4320", "request_identifier": "1829213M4000000000080A", "street_suffix_type": "St", "street_pre_directional_text": "W"}
"bafkreibbsjrq7rb4pfavu6ltdr3jsgoy77mc3lz4cyegqnk2hi5eaiaxs4"	{"city_name": "TAMPA", "state_code": "FL", "county_name": "Hillsborough", "postal_code": "33609", "street_name": "WOODMERE", "country_code": "US", "street_number": "4210", "request_identifier": "1829213LA000050000050A", "street_suffix_type": "Rd", "street_pre_directional_text": "W"}
"bafkreiem6wgl62nnoaelowm2yhqomacw7mz2kv5n6ecmue3rlvubok5ksa"	{"city_name": "TAMPA", "state_code": "FL", "county_name": "Hillsborough", "postal_code": "33609", "street_name": "WEST SHORE", "country_code": "US", "street_number": "404", "request_identifier": "1829203LA000028000011A", "street_suffix_type": "Blvd", "street_pre_directional_text": "S"}
"bafkreiam6vlrpdhdd26cwbvwf4ejwyu5sq4w6sdtpshetk6w7kn22jw3ki"	{"city_name": "TAMPA", "state_code": "FL", "county_name": "Hillsborough", "postal_code": "33609", "street_name": "ROYAL PALM", "country_code": "US", "street_number": "412", "request_identifier": "1829203LA000034000100A", "street_suffix_type": "Way", "street_pre_directional_text": "S"}
"bafkreidda3vbfq27ufai6xbnx7ivrsjsnzrem4ofkt3waiiyn6aw752tpa"	{"city_name": "ODESSA", "state_code": "FL", "county_name": "Hillsborough", "postal_code": "33556", "street_name": "WILD MALLARD", "country_code": "US", "street_number": "16306", "request_identifier": "172730028D00000000120U", "street_suffix_type": "Dr"}
"bafkreihjtri5pbwucwk7i2aoeugu4ko7igu2yvdlcqrtsfxvgahfwta5dq"	{"city_name": "ODESSA", "state_code": "FL", "county_name": "Hillsborough", "postal_code": "33556", "street_name": "ECHO LAKE", "country_code": "US", "street_number": "10637", "request_identifier": "1727285Z0000003000081U", "street_suffix_type": "Dr"}
"bafkreibrnat5acw3rt6lgs64upnejzpbb4tyyenbnpndmrcvn5ujyrwjti"	{"city_name": "ODESSA", "state_code": "FL", "county_name": "Hillsborough", "postal_code": "33556", "street_name": "VICTORIA LAKES", "country_code": "US", "street_number": "16362", "request_identifier": "172729D4J000000000190U", "street_suffix_type": "Blvd"}
"bafkreibmmnxdvi6ybbts3t4yxwtlj3zmee5kprk4ioi3ka3ucv4ptt7ham"	{"city_name": "TAMPA", "state_code": "FL", "county_name": "Hillsborough", "postal_code": "33609", "street_name": "TREASURE", "country_code": "US", "street_number": "8", "request_identifier": "1829203LC000003000050A", "street_suffix_type": "Dr", "street_pre_directional_text": "S"}
"bafkreidkbkwzwjbgsyeh6clete4xbbcpj4736mo7d2rzgpbv33lfdmhhpi"	{"city_name": "TAMPA", "state_code": "FL", "county_name": "Hillsborough", "postal_code": "33635", "street_name": "SPANISH LAKE", "country_code": "US", "street_number": "11718", "request_identifier": "172821071000004000160U", "street_suffix_type": "Dr"}
"bafkreigxnodduwytdqu2ozmolkcujpzd43qf4a3sqm5ugigbzorop6zwkq"	{"city_name": "TAMPA", "state_code": "FL", "county_name": "Hillsborough", "postal_code": "33635", "street_name": "FREDERICKSBURG", "country_code": "US", "street_number": "9740", "request_identifier": "17282207L000002000280U", "street_suffix_type": "Rd"}
"bafkreibcqp2qywljueluyjn2pltm5akgdvnlole75pgyghyjwrhoip2aj4"	{"city_name": "TAMPA", "state_code": "FL", "county_name": "Hillsborough", "postal_code": "33609", "street_name": "MANHATTAN", "country_code": "US", "street_number": "117", "request_identifier": "1829203KX000001000240A", "street_suffix_type": "Ave", "street_pre_directional_text": "S"}
"bafkreiavyqrzxuoil3ecqvgfgbh3e7yyxdvfjvivbp4amuip3tlhumvid4"	{"city_name": "TAMPA", "state_code": "FL", "county_name": "Hillsborough", "postal_code": "33609", "street_name": "PLATT", "country_code": "US", "street_number": "4212", "request_identifier": "1829213M5000000000070A", "street_suffix_type": "St", "street_pre_directional_text": "W"}
"bafkreiffcjdebudf4qk2hutpw6gnpwhs5hgwxwbmrtzpwapkofvsgabrru"	{"city_name": "TAMPA", "state_code": "FL", "county_name": "Hillsborough", "postal_code": "33609", "street_name": "SPANISH MAIN", "country_code": "US", "street_number": "45", "request_identifier": "1829203LD000006000190A", "street_suffix_type": "St", "street_pre_directional_text": "W"}
"bafkreifq62tqyt6hg2z4ja3sm7mpllvzphvm7lulli4ge5x5deezn6iane"	{"city_name": "TAMPA", "state_code": "FL", "county_name": "Hillsborough", "postal_code": "33609", "street_name": "LAUBER", "country_code": "US", "street_number": "119", "request_identifier": "1829203KX000002000210A", "street_suffix_type": "Way", "street_pre_directional_text": "S"}
"bafkreidnoap2vlxlk6dc676etciw4qlepuohr6nvfwylmiqkbj2l2xh2c4"	{"city_name": "TAMPA", "state_code": "FL", "county_name": "Hillsborough", "postal_code": "33609", "street_name": "BEACH PARK", "country_code": "US", "street_number": "4655", "request_identifier": "1829203LA000028000110A", "street_suffix_type": "Dr", "street_pre_directional_text": "W"}
"bafkreicidfmwwqhywuyxpgjup3iwyejkpevtfilep5lbh2svho7vlp2haa"	{"city_name": "TAMPA", "state_code": "FL", "county_name": "Hillsborough", "postal_code": "33609", "street_name": "SPANISH MAIN", "country_code": "US", "street_number": "7", "request_identifier": "1829203LC000004000040A", "street_suffix_type": "St", "street_pre_directional_text": "W"}
"bafkreigu7spfpwf43l2eppsnjjpligno4xmi72pyikrgmky23ycyhqvq3q"	{"city_name": "TAMPA", "state_code": "FL", "county_name": "Hillsborough", "postal_code": "33613", "street_name": "VILLARREAL DE AVILA", "country_code": "US", "street_number": "16311", "request_identifier": "1827260N9000005000290U", "street_suffix_type": "Dr"}
"bafkreieq3fbdtdvwkrlxpelchf7i22tbw5b5ybynyf6zrpxzstogutzb6i"	{"city_name": "TAMPA", "state_code": "FL", "county_name": "Hillsborough", "postal_code": "33609", "street_name": "ROYAL PALM", "country_code": "US", "street_number": "415", "request_identifier": "1829203LA000027000121A", "street_suffix_type": "Way", "street_pre_directional_text": "S"}
"bafkreigj6l576iw476ujanqthpxq6hw6rnsogatvx64w7jg2b22yjnlhqu"	{"city_name": "TAMPA", "state_code": "FL", "county_name": "Hillsborough", "postal_code": "33609", "country_code": "US", "request_identifier": "182920C2I000000000070A"}
"bafkreiaarrimqncmbxjh5ryv2vzilizwj3hvuda32gs4ykpn3em4n3k6ba"	{"city_name": "TAMPA", "state_code": "FL", "county_name": "Hillsborough", "postal_code": "33618", "street_name": "LAKE MAGDALENE", "country_code": "US", "street_number": "15314", "request_identifier": "182726ZZZ000000666400U", "street_suffix_type": "Blvd"}
"bafkreid5y54naiohgtpwokjvujrwum24bmyoz3ja5biztxh7ppn2wyflxm"	{"city_name": "TAMPA", "state_code": "FL", "county_name": "Hillsborough", "postal_code": "33609", "street_name": "AZEELE", "country_code": "US", "street_number": "4223", "request_identifier": "1829213M3000000000154A", "street_suffix_type": "St", "street_pre_directional_text": "W"}
"bafkreihmq7zywgfijjshuh4l75nbxjkbpslvc4mpla7ffxrqs4ikxc7ybi"	{"city_name": "ODESSA", "state_code": "FL", "county_name": "Hillsborough", "postal_code": "33556", "street_name": "HOLBORN", "country_code": "US", "street_number": "11315", "request_identifier": "172728D4J000000000450U", "street_suffix_type": "Ct"}
